Workbook

Sheet BASIC INFO
A1: IOWA CRIMINAL RECORD SPREADSHEET, (CRS) © 2017 ALEX KORNYA, ALL RIGHTS RESERVED | D1: VERSION 3.5 | H1: NOTE: Designed for Excel 2016, some functions may not work properly in earlier versions.
A3: DATE OF CLINIC / CLIENT MEETING
A4: PREPARER NAME
A5: CLIENT NAME
A6: CLIENT DOB
A7: CHECKED BY
A8: CHECK DATE
D11: DISCLAIMER: This spreadsheet is intended to be a tool to assist with the gathering and analysis of criminal record information. It is NOT meant to constitute legal advice in any way, and there cannot and should not be relied upon. If you are seeking analysis of your legal rights and responsibilities, you are urged to contact an attorney.

Sheet CASE DATA
A1: TOTALS | J1: =SUM(J4:J300) -> 0 | K1: =SUM(K4:K300) -> 0 | L1: =SUM(L4:L300) -> 0 | M1: =SUM(M4:M300) -> 0 | N1: =SUM(N4:N300) -> 0 | O1: =SUM(O4:O300) -> 0 | P1: =SUM(P4:P300) -> 0 | Q1: =SUM(Q4:Q300) -> 0 | ... U1: =SUM(U4:U300) -> 0 | V1: NOTES | W1: DO NOT EDIT THESE!!!
A2: Case # | B2: County | C2: Offense Date | D2: Disposition Date | E2: Adjudicated Charge Descriptions | F2: Adjudicated statutory reference (separate each individual code cite with a semicolon, no space) | G2: Disposition code | H2: Vehicular? | I2: Under supervison? | J2: INDIGENT DEFENSE | K2: COLLECTION COSTS | L2: JAIL / ROOM & BOARD | M2: SHERIFF FEES | N2: PROBATION FEES | O2: MISCELLANEOUS | P2: UNKNOWN | Q2: SURCHARGES | R2: FINES | S2: VICTIM RESTITUTION | T2: TOTAL
U3: ICOS TOTAL DUE (should be same as total)
T4: =SUM(J4:S4) -> 0 | W4: {=MID(";"&'CASE DATA'!$F4&";",SMALL(IF(ISERROR(SEARCH(MID(";"&'CASE DATA'!$F4&";",ROW($1:$99),1),";")),"",ROW($1:$99)+1),COLUMN(A4)),SMALL(IF(ISERROR(SEARCH(MID(";"&'CASE DATA'!$F4&";",ROW($1:$99),1),";")),"",ROW($1:$99)),COLUMN(A3)+1)-SMALL(IF(ISERROR(SEARCH(MID(";"&'CASE DATA'!$F4&";",ROW($1:$99),1),";")),"",ROW($1:$99)),COLUMN(A3))-1)} | X4: {=MID(";"&'CASE DATA'!$F4&";",SMALL(IF(ISERROR(SEARCH(MID(";"&'CASE DATA'!$F4&";",ROW($1:$99),1),";")),"",ROW($1:$99)+1),COLUMN(B4)),SMALL(IF(ISERROR(SEARCH(MID(";"&'CASE DATA'!$F4&";",ROW($1:$99),1),";")),"",ROW($1:$99)),COLUMN(B3)+1)-SMALL(IF(ISERROR(SEARCH(MID(";"&'CASE DATA'!$F4&";",ROW($1:$99),1),";")),"",ROW($1:$99)),COLUMN(B3))-1)} | Y4: {=MID(";"&'CASE DATA'!$F4&";",SMALL(IF(ISERROR(SEARCH(MID(";"&'CASE DATA'!$F4&";",ROW($1:$99),1),";")),"",ROW($1:$99)+1),COLUMN(C4)),SMALL(IF(ISERROR(SEARCH(MID(";"&'CASE DATA'!$F4&";",ROW($1:$99),1),";")),"",ROW($1:$99)),COLUMN(C3)+1)-SMALL(IF(ISERROR(SEARCH(MID(";"&'CASE DATA'!$F4&";",ROW($1:$99),1),";")),"",ROW($1:$99)),COLUMN(C3))-1)} | Z4: {=MID(";"&'CASE DATA'!$F4&";",SMALL(IF(ISERROR(SEARCH(MID(";"&'CASE DATA'!$F4&";",ROW($1:$99),1),";")),"",ROW($1:$99)+1),COLUMN(D4)),SMALL(IF(ISERROR(SEARCH(MID(";"&'CASE DATA'!$F4&";",ROW($1:$99),1),";")),"",ROW($1:$99)),COLUMN(D3)+1)-SMALL(IF(ISERROR(SEARCH(MID(";"&'CASE DATA'!$F4&";",ROW($1:$99),1),";")),"",ROW($1:$99)),COLUMN(D3))-1)} | AA4: {=MID(";"&'CASE DATA'!$F4&";",SMALL(IF(ISERROR(SEARCH(MID(";"&'CASE DATA'!$F4&";",ROW($1:$99),1),";")),"",ROW($1:$99)+1),COLUMN(E4)),SMALL(IF(ISERROR(SEARCH(MID(";"&'CASE DATA'!$F4&";",ROW($1:$99),1),";")),"",ROW($1:$99)),COLUMN(E3)+1)-SMALL(IF(ISERROR(SEARCH(MID(";"&'CASE DATA'!$F4&";",ROW($1:$99),1),";")),"",ROW($1:$99)),COLUMN(E3))-1)} | AB4: {=MID(";"&'CASE DATA'!$F4&";",SMALL(IF(ISERROR(SEARCH(MID(";"&'CASE DATA'!$F4&";",ROW($1:$99),1),";")),"",ROW($1:$99)+1),COLUMN(F4)),SMALL(IF(ISERROR(SEARCH(MID(";"&'CASE DATA'!$F4&";",ROW($1:$99),1),";")),"",ROW($1:$99)),COLUMN(F3)+1)-SMALL(IF(ISERROR(SEARCH(MID(";"&'CASE DATA'!$F4&";",ROW($1:$99),1),";")),"",ROW($1:$99)),COLUMN(F3))-1)} | AC4: {=MID(";"&'CASE DATA'!$F4&";",SMALL(IF(ISERROR(SEARCH(MID(";"&'CASE DATA'!$F4&";",ROW($1:$99),1),";")),"",ROW($1:$99)+1),COLUMN(G4)),SMALL(IF(ISERROR(SEARCH(MID(";"&'CASE DATA'!$F4&";",ROW($1:$99),1),";")),"",ROW($1:$99)),COLUMN(G3)+1)-SMALL(IF(ISERROR(SEARCH(MID(";"&'CASE DATA'!$F4&";",ROW($1:$99),1),";")),"",ROW($1:$99)),COLUMN(G3))-1)} | AD4: {=MID(";"&'CASE DATA'!$F4&";",SMALL(IF(ISERROR(SEARCH(MID(";"&'CASE DATA'!$F4&";",ROW($1:$99),1),";")),"",ROW($1:$99)+1),COLUMN(H4)),SMALL(IF(ISERROR(SEARCH(MID(";"&'CASE DATA'!$F4&";",ROW($1:$99),1),";")),"",ROW($1:$99)),COLUMN(H3)+1)-SMALL(IF(ISERROR(SEARCH(MID(";"&'CASE DATA'!$F4&";",ROW($1:$99),1),";")),"",ROW($1:$99)),COLUMN(H3))-1)} | ... AH4: {=MID(";"&'CASE DATA'!$F4&";",SMALL(IF(ISERROR(SEARCH(MID(";"&'CASE DATA'!$F4&";",ROW($1:$99),1),";")),"",ROW($1:$99)+1),COLUMN(L4)),SMALL(IF(ISERROR(SEARCH(MID(";"&'CASE DATA'!$F4&";",ROW($1:$99),1),";")),"",ROW($1:$99)),COLUMN(L3)+1)-SMALL(IF(ISERROR(SEARCH(MID(";"&'CASE DATA'!$F4&";",ROW($1:$99),1),";")),"",ROW($1:$99)),COLUMN(L3))-1)}
T5: =SUM(J5:S5) -> 0 | W5: {=MID(";"&'CASE DATA'!$F5&";",SMALL(IF(ISERROR(SEARCH(MID(";"&'CASE DATA'!$F5&";",ROW($1:$99),1),";")),"",ROW($1:$99)+1),COLUMN(A5)),SMALL(IF(ISERROR(SEARCH(MID(";"&'CASE DATA'!$F5&";",ROW($1:$99),1),";")),"",ROW($1:$99)),COLUMN(A4)+1)-SMALL(IF(ISERROR(SEARCH(MID(";"&'CASE DATA'!$F5&";",ROW($1:$99),1),";")),"",ROW($1:$99)),COLUMN(A4))-1)} | X5: {=MID(";"&'CASE DATA'!$F5&";",SMALL(IF(ISERROR(SEARCH(MID(";"&'CASE DATA'!$F5&";",ROW($1:$99),1),";")),"",ROW($1:$99)+1),COLUMN(B5)),SMALL(IF(ISERROR(SEARCH(MID(";"&'CASE DATA'!$F5&";",ROW($1:$99),1),";")),"",ROW($1:$99)),COLUMN(B4)+1)-SMALL(IF(ISERROR(SEARCH(MID(";"&'CASE DATA'!$F5&";",ROW($1:$99),1),";")),"",ROW($1:$99)),COLUMN(B4))-1)} | Y5: {=MID(";"&'CASE DATA'!$F5&";",SMALL(IF(ISERROR(SEARCH(MID(";"&'CASE DATA'!$F5&";",ROW($1:$99),1),";")),"",ROW($1:$99)+1),COLUMN(D5)),SMALL(IF(ISERROR(SEARCH(MID(";"&'CASE DATA'!$F5&";",ROW($1:$99),1),";")),"",ROW($1:$99)),COLUMN(D4)+1)-SMALL(IF(ISERROR(SEARCH(MID(";"&'CASE DATA'!$F5&";",ROW($1:$99),1),";")),"",ROW($1:$99)),COLUMN(D4))-1)} | Z5: {=MID(";"&'CASE DATA'!$F5&";",SMALL(IF(ISERROR(SEARCH(MID(";"&'CASE DATA'!$F5&";",ROW($1:$99),1),";")),"",ROW($1:$99)+1),COLUMN(E5)),SMALL(IF(ISERROR(SEARCH(MID(";"&'CASE DATA'!$F5&";",ROW($1:$99),1),";")),"",ROW($1:$99)),COLUMN(E4)+1)-SMALL(IF(ISERROR(SEARCH(MID(";"&'CASE DATA'!$F5&";",ROW($1:$99),1),";")),"",ROW($1:$99)),COLUMN(E4))-1)} | AA5: {=MID(";"&'CASE DATA'!$F5&";",SMALL(IF(ISERROR(SEARCH(MID(";"&'CASE DATA'!$F5&";",ROW($1:$99),1),";")),"",ROW($1:$99)+1),COLUMN(F5)),SMALL(IF(ISERROR(SEARCH(MID(";"&'CASE DATA'!$F5&";",ROW($1:$99),1),";")),"",ROW($1:$99)),COLUMN(F4)+1)-SMALL(IF(ISERROR(SEARCH(MID(";"&'CASE DATA'!$F5&";",ROW($1:$99),1),";")),"",ROW($1:$99)),COLUMN(F4))-1)} | AB5: {=MID(";"&'CASE DATA'!$F5&";",SMALL(IF(ISERROR(SEARCH(MID(";"&'CASE DATA'!$F5&";",ROW($1:$99),1),";")),"",ROW($1:$99)+1),COLUMN(G5)),SMALL(IF(ISERROR(SEARCH(MID(";"&'CASE DATA'!$F5&";",ROW($1:$99),1),";")),"",ROW($1:$99)),COLUMN(G4)+1)-SMALL(IF(ISERROR(SEARCH(MID(";"&'CASE DATA'!$F5&";",ROW($1:$99),1),";")),"",ROW($1:$99)),COLUMN(G4))-1)} | AC5: {=MID(";"&'CASE DATA'!$F5&";",SMALL(IF(ISERROR(SEARCH(MID(";"&'CASE DATA'!$F5&";",ROW($1:$99),1),";")),"",ROW($1:$99)+1),COLUMN(H5)),SMALL(IF(ISERROR(SEARCH(MID(";"&'CASE DATA'!$F5&";",ROW($1:$99),1),";")),"",ROW($1:$99)),COLUMN(H4)+1)-SMALL(IF(ISERROR(SEARCH(MID(";"&'CASE DATA'!$F5&";",ROW($1:$99),1),";")),"",ROW($1:$99)),COLUMN(H4))-1)} | AD5: {=MID(";"&'CASE DATA'!$F5&";",SMALL(IF(ISERROR(SEARCH(MID(";"&'CASE DATA'!$F5&";",ROW($1:$99),1),";")),"",ROW($1:$99)+1),COLUMN(I5)),SMALL(IF(ISERROR(SEARCH(MID(";"&'CASE DATA'!$F5&";",ROW($1:$99),1),";")),"",ROW($1:$99)),COLUMN(I4)+1)-SMALL(IF(ISERROR(SEARCH(MID(";"&'CASE DATA'!$F5&";",ROW($1:$99),1),";")),"",ROW($1:$99)),COLUMN(I4))-1)} | AE5: {=MID(";"&'CASE DATA'!$F5&";",SMALL(IF(ISERROR(SEARCH(MID(";"&'CASE DATA'!$F5&";",ROW($1:$99),1),";")),"",ROW($1:$99)+1),COLUMN(J5)),SMALL(IF(ISERROR(SEARCH(MID(";"&'CASE DATA'!$F5&";",ROW($1:$99),1),";")),"",ROW($1:$99)),COLUMN(J4)+1)-SMALL(IF(ISERROR(SEARCH(MID(";"&'CASE DATA'!$F5&";",ROW($1:$99),1),";")),"",ROW($1:$99)),COLUMN(J4))-1)} | AF5: {=MID(";"&'CASE DATA'!$F5&";",SMALL(IF(ISERROR(SEARCH(MID(";"&'CASE DATA'!$F5&";",ROW($1:$99),1),";")),"",ROW($1:$99)+1),COLUMN(K5)),SMALL(IF(ISERROR(SEARCH(MID(";"&'CASE DATA'!$F5&";",ROW($1:$99),1),";")),"",ROW($1:$99)),COLUMN(K3)+1)-SMALL(IF(ISERROR(SEARCH(MID(";"&'CASE DATA'!$F5&";",ROW($1:$99),1),";")),"",ROW($1:$99)),COLUMN(K3))-1)} | AG5: {=MID(";"&'CASE DATA'!$F5&";",SMALL(IF(ISERROR(SEARCH(MID(";"&'CASE DATA'!$F5&";",ROW($1:$99),1),";")),"",ROW($1:$99)+1),COLUMN(L5)),SMALL(IF(ISERROR(SEARCH(MID(";"&'CASE DATA'!$F5&";",ROW($1:$99),1),";")),"",ROW($1:$99)),COLUMN(L3)+1)-SMALL(IF(ISERROR(SEARCH(MID(";"&'CASE DATA'!$F5&";",ROW($1:$99),1),";")),"",ROW($1:$99)),COLUMN(L3))-1)} | AH5: {=MID(";"&'CASE DATA'!$F5&";",SMALL(IF(ISERROR(SEARCH(MID(";"&'CASE DATA'!$F5&";",ROW($1:$99),1),";")),"",ROW($1:$99)+1),COLUMN(M5)),SMALL(IF(ISERROR(SEARCH(MID(";"&'CASE DATA'!$F5&";",ROW($1:$99),1),";")),"",ROW($1:$99)),COLUMN(M3)+1)-SMALL(IF(ISERROR(SEARCH(MID(";"&'CASE DATA'!$F5&";",ROW($1:$99),1),";")),"",ROW($1:$99)),COLUMN(M3))-1)}
T6: =SUM(J6:S6) -> 0 | W6: {=MID(";"&'CASE DATA'!$F6&";",SMALL(IF(ISERROR(SEARCH(MID(";"&'CASE DATA'!$F6&";",ROW($1:$99),1),";")),"",ROW($1:$99)+1),COLUMN(A6)),SMALL(IF(ISERROR(SEARCH(MID(";"&'CASE DATA'!$F6&";",ROW($1:$99),1),";")),"",ROW($1:$99)),COLUMN(A5)+1)-SMALL(IF(ISERROR(SEARCH(MID(";"&'CASE DATA'!$F6&";",ROW($1:$99),1),";")),"",ROW($1:$99)),COLUMN(A5))-1)} | X6: {=MID(";"&'CASE DATA'!$F6&";",SMALL(IF(ISERROR(SEARCH(MID(";"&'CASE DATA'!$F6&";",ROW($1:$99),1),";")),"",ROW($1:$99)+1),COLUMN(B6)),SMALL(IF(ISERROR(SEARCH(MID(";"&'CASE DATA'!$F6&";",ROW($1:$99),1),";")),"",ROW($1:$99)),COLUMN(B5)+1)-SMALL(IF(ISERROR(SEARCH(MID(";"&'CASE DATA'!$F6&";",ROW($1:$99),1),";")),"",ROW($1:$99)),COLUMN(B5))-1)} | Y6: {=MID(";"&'CASE DATA'!$F6&";",SMALL(IF(ISERROR(SEARCH(MID(";"&'CASE DATA'!$F6&";",ROW($1:$99),1),";")),"",ROW($1:$99)+1),COLUMN(C6)),SMALL(IF(ISERROR(SEARCH(MID(";"&'CASE DATA'!$F6&";",ROW($1:$99),1),";")),"",ROW($1:$99)),COLUMN(C5)+1)-SMALL(IF(ISERROR(SEARCH(MID(";"&'CASE DATA'!$F6&";",ROW($1:$99),1),";")),"",ROW($1:$99)),COLUMN(C5))-1)} | Z6: {=MID(";"&'CASE DATA'!$F6&";",SMALL(IF(ISERROR(SEARCH(MID(";"&'CASE DATA'!$F6&";",ROW($1:$99),1),";")),"",ROW($1:$99)+1),COLUMN(D6)),SMALL(IF(ISERROR(SEARCH(MID(";"&'CASE DATA'!$F6&";",ROW($1:$99),1),";")),"",ROW($1:$99)),COLUMN(D5)+1)-SMALL(IF(ISERROR(SEARCH(MID(";"&'CASE DATA'!$F6&";",ROW($1:$99),1),";")),"",ROW($1:$99)),COLUMN(D5))-1)} | AA6: {=MID(";"&'CASE DATA'!$F6&";",SMALL(IF(ISERROR(SEARCH(MID(";"&'CASE DATA'!$F6&";",ROW($1:$99),1),";")),"",ROW($1:$99)+1),COLUMN(E6)),SMALL(IF(ISERROR(SEARCH(MID(";"&'CASE DATA'!$F6&";",ROW($1:$99),1),";")),"",ROW($1:$99)),COLUMN(E5)+1)-SMALL(IF(ISERROR(SEARCH(MID(";"&'CASE DATA'!$F6&";",ROW($1:$99),1),";")),"",ROW($1:$99)),COLUMN(E5))-1)} | AB6: {=MID(";"&'CASE DATA'!$F6&";",SMALL(IF(ISERROR(SEARCH(MID(";"&'CASE DATA'!$F6&";",ROW($1:$99),1),";")),"",ROW($1:$99)+1),COLUMN(F6)),SMALL(IF(ISERROR(SEARCH(MID(";"&'CASE DATA'!$F6&";",ROW($1:$99),1),";")),"",ROW($1:$99)),COLUMN(F5)+1)-SMALL(IF(ISERROR(SEARCH(MID(";"&'CASE DATA'!$F6&";",ROW($1:$99),1),";")),"",ROW($1:$99)),COLUMN(F5))-1)} | AC6: {=MID(";"&'CASE DATA'!$F6&";",SMALL(IF(ISERROR(SEARCH(MID(";"&'CASE DATA'!$F6&";",ROW($1:$99),1),";")),"",ROW($1:$99)+1),COLUMN(G6)),SMALL(IF(ISERROR(SEARCH(MID(";"&'CASE DATA'!$F6&";",ROW($1:$99),1),";")),"",ROW($1:$99)),COLUMN(G5)+1)-SMALL(IF(ISERROR(SEARCH(MID(";"&'CASE DATA'!$F6&";",ROW($1:$99),1),";")),"",ROW($1:$99)),COLUMN(G5))-1)} | AD6: {=MID(";"&'CASE DATA'!$F6&";",SMALL(IF(ISERROR(SEARCH(MID(";"&'CASE DATA'!$F6&";",ROW($1:$99),1),";")),"",ROW($1:$99)+1),COLUMN(H6)),SMALL(IF(ISERROR(SEARCH(MID(";"&'CASE DATA'!$F6&";",ROW($1:$99),1),";")),"",ROW($1:$99)),COLUMN(H5)+1)-SMALL(IF(ISERROR(SEARCH(MID(";"&'CASE DATA'!$F6&";",ROW($1:$99),1),";")),"",ROW($1:$99)),COLUMN(H5))-1)} | ... AH6: {=MID(";"&'CASE DATA'!$F6&";",SMALL(IF(ISERROR(SEARCH(MID(";"&'CASE DATA'!$F6&";",ROW($1:$99),1),";")),"",ROW($1:$99)+1),COLUMN(L6)),SMALL(IF(ISERROR(SEARCH(MID(";"&'CASE DATA'!$F6&";",ROW($1:$99),1),";")),"",ROW($1:$99)),COLUMN(L5)+1)-SMALL(IF(ISERROR(SEARCH(MID(";"&'CASE DATA'!$F6&";",ROW($1:$99),1),";")),"",ROW($1:$99)),COLUMN(L5))-1)}
T7: =SUM(J7:S7) -> 0 | W7: {=MID(";"&'CASE DATA'!$F7&";",SMALL(IF(ISERROR(SEARCH(MID(";"&'CASE DATA'!$F7&";",ROW($1:$99),1),";")),"",ROW($1:$99)+1),COLUMN(A7)),SMALL(IF(ISERROR(SEARCH(MID(";"&'CASE DATA'!$F7&";",ROW($1:$99),1),";")),"",ROW($1:$99)),COLUMN(A6)+1)-SMALL(IF(ISERROR(SEARCH(MID(";"&'CASE DATA'!$F7&";",ROW($1:$99),1),";")),"",ROW($1:$99)),COLUMN(A6))-1)} | X7: {=MID(";"&'CASE DATA'!$F7&";",SMALL(IF(ISERROR(SEARCH(MID(";"&'CASE DATA'!$F7&";",ROW($1:$99),1),";")),"",ROW($1:$99)+1),COLUMN(B7)),SMALL(IF(ISERROR(SEARCH(MID(";"&'CASE DATA'!$F7&";",ROW($1:$99),1),";")),"",ROW($1:$99)),COLUMN(B6)+1)-SMALL(IF(ISERROR(SEARCH(MID(";"&'CASE DATA'!$F7&";",ROW($1:$99),1),";")),"",ROW($1:$99)),COLUMN(B6))-1)} | Y7: {=MID(";"&'CASE DATA'!$F7&";",SMALL(IF(ISERROR(SEARCH(MID(";"&'CASE DATA'!$F7&";",ROW($1:$99),1),";")),"",ROW($1:$99)+1),COLUMN(D7)),SMALL(IF(ISERROR(SEARCH(MID(";"&'CASE DATA'!$F7&";",ROW($1:$99),1),";")),"",ROW($1:$99)),COLUMN(D6)+1)-SMALL(IF(ISERROR(SEARCH(MID(";"&'CASE DATA'!$F7&";",ROW($1:$99),1),";")),"",ROW($1:$99)),COLUMN(D6))-1)} | Z7: {=MID(";"&'CASE DATA'!$F7&";",SMALL(IF(ISERROR(SEARCH(MID(";"&'CASE DATA'!$F7&";",ROW($1:$99),1),";")),"",ROW($1:$99)+1),COLUMN(E7)),SMALL(IF(ISERROR(SEARCH(MID(";"&'CASE DATA'!$F7&";",ROW($1:$99),1),";")),"",ROW($1:$99)),COLUMN(E6)+1)-SMALL(IF(ISERROR(SEARCH(MID(";"&'CASE DATA'!$F7&";",ROW($1:$99),1),";")),"",ROW($1:$99)),COLUMN(E6))-1)} | AA7: {=MID(";"&'CASE DATA'!$F7&";",SMALL(IF(ISERROR(SEARCH(MID(";"&'CASE DATA'!$F7&";",ROW($1:$99),1),";")),"",ROW($1:$99)+1),COLUMN(F7)),SMALL(IF(ISERROR(SEARCH(MID(";"&'CASE DATA'!$F7&";",ROW($1:$99),1),";")),"",ROW($1:$99)),COLUMN(F6)+1)-SMALL(IF(ISERROR(SEARCH(MID(";"&'CASE DATA'!$F7&";",ROW($1:$99),1),";")),"",ROW($1:$99)),COLUMN(F6))-1)} | AB7: {=MID(";"&'CASE DATA'!$F7&";",SMALL(IF(ISERROR(SEARCH(MID(";"&'CASE DATA'!$F7&";",ROW($1:$99),1),";")),"",ROW($1:$99)+1),COLUMN(G7)),SMALL(IF(ISERROR(SEARCH(MID(";"&'CASE DATA'!$F7&";",ROW($1:$99),1),";")),"",ROW($1:$99)),COLUMN(G6)+1)-SMALL(IF(ISERROR(SEARCH(MID(";"&'CASE DATA'!$F7&";",ROW($1:$99),1),";")),"",ROW($1:$99)),COLUMN(G6))-1)} | AC7: {=MID(";"&'CASE DATA'!$F7&";",SMALL(IF(ISERROR(SEARCH(MID(";"&'CASE DATA'!$F7&";",ROW($1:$99),1),";")),"",ROW($1:$99)+1),COLUMN(H7)),SMALL(IF(ISERROR(SEARCH(MID(";"&'CASE DATA'!$F7&";",ROW($1:$99),1),";")),"",ROW($1:$99)),COLUMN(H6)+1)-SMALL(IF(ISERROR(SEARCH(MID(";"&'CASE DATA'!$F7&";",ROW($1:$99),1),";")),"",ROW($1:$99)),COLUMN(H6))-1)} | AD7: {=MID(";"&'CASE DATA'!$F7&";",SMALL(IF(ISERROR(SEARCH(MID(";"&'CASE DATA'!$F7&";",ROW($1:$99),1),";")),"",ROW($1:$99)+1),COLUMN(I7)),SMALL(IF(ISERROR(SEARCH(MID(";"&'CASE DATA'!$F7&";",ROW($1:$99),1),";")),"",ROW($1:$99)),COLUMN(I6)+1)-SMALL(IF(ISERROR(SEARCH(MID(";"&'CASE DATA'!$F7&";",ROW($1:$99),1),";")),"",ROW($1:$99)),COLUMN(I6))-1)} | AE7: {=MID(";"&'CASE DATA'!$F7&";",SMALL(IF(ISERROR(SEARCH(MID(";"&'CASE DATA'!$F7&";",ROW($1:$99),1),";")),"",ROW($1:$99)+1),COLUMN(J7)),SMALL(IF(ISERROR(SEARCH(MID(";"&'CASE DATA'!$F7&";",ROW($1:$99),1),";")),"",ROW($1:$99)),COLUMN(J6)+1)-SMALL(IF(ISERROR(SEARCH(MID(";"&'CASE DATA'!$F7&";",ROW($1:$99),1),";")),"",ROW($1:$99)),COLUMN(J6))-1)} | AF7: {=MID(";"&'CASE DATA'!$F7&";",SMALL(IF(ISERROR(SEARCH(MID(";"&'CASE DATA'!$F7&";",ROW($1:$99),1),";")),"",ROW($1:$99)+1),COLUMN(K7)),SMALL(IF(ISERROR(SEARCH(MID(";"&'CASE DATA'!$F7&";",ROW($1:$99),1),";")),"",ROW($1:$99)),COLUMN(K6)+1)-SMALL(IF(ISERROR(SEARCH(MID(";"&'CASE DATA'!$F7&";",ROW($1:$99),1),";")),"",ROW($1:$99)),COLUMN(K6))-1)} | ... AH7: {=MID(";"&'CASE DATA'!$F7&";",SMALL(IF(ISERROR(SEARCH(MID(";"&'CASE DATA'!$F7&";",ROW($1:$99),1),";")),"",ROW($1:$99)+1),COLUMN(M7)),SMALL(IF(ISERROR(SEARCH(MID(";"&'CASE DATA'!$F7&";",ROW($1:$99),1),";")),"",ROW($1:$99)),COLUMN(M6)+1)-SMALL(IF(ISERROR(SEARCH(MID(";"&'CASE DATA'!$F7&";",ROW($1:$99),1),";")),"",ROW($1:$99)),COLUMN(M6))-1)}
T8: =SUM(J8:S8) -> 0 | W8: {=MID(";"&'CASE DATA'!$F8&";",SMALL(IF(ISERROR(SEARCH(MID(";"&'CASE DATA'!$F8&";",ROW($1:$99),1),";")),"",ROW($1:$99)+1),COLUMN(A8)),SMALL(IF(ISERROR(SEARCH(MID(";"&'CASE DATA'!$F8&";",ROW($1:$99),1),";")),"",ROW($1:$99)),COLUMN(A7)+1)-SMALL(IF(ISERROR(SEARCH(MID(";"&'CASE DATA'!$F8&";",ROW($1:$99),1),";")),"",ROW($1:$99)),COLUMN(A7))-1)} | X8: {=MID(";"&'CASE DATA'!$F8&";",SMALL(IF(ISERROR(SEARCH(MID(";"&'CASE DATA'!$F8&";",ROW($1:$99),1),";")),"",ROW($1:$99)+1),COLUMN(B8)),SMALL(IF(ISERROR(SEARCH(MID(";"&'CASE DATA'!$F8&";",ROW($1:$99),1),";")),"",ROW($1:$99)),COLUMN(B7)+1)-SMALL(IF(ISERROR(SEARCH(MID(";"&'CASE DATA'!$F8&";",ROW($1:$99),1),";")),"",ROW($1:$99)),COLUMN(B7))-1)} | Y8: {=MID(";"&'CASE DATA'!$F8&";",SMALL(IF(ISERROR(SEARCH(MID(";"&'CASE DATA'!$F8&";",ROW($1:$99),1),";")),"",ROW($1:$99)+1),COLUMN(D8)),SMALL(IF(ISERROR(SEARCH(MID(";"&'CASE DATA'!$F8&";",ROW($1:$99),1),";")),"",ROW($1:$99)),COLUMN(D7)+1)-SMALL(IF(ISERROR(SEARCH(MID(";"&'CASE DATA'!$F8&";",ROW($1:$99),1),";")),"",ROW($1:$99)),COLUMN(D7))-1)} | Z8: {=MID(";"&'CASE DATA'!$F8&";",SMALL(IF(ISERROR(SEARCH(MID(";"&'CASE DATA'!$F8&";",ROW($1:$99),1),";")),"",ROW($1:$99)+1),COLUMN(E8)),SMALL(IF(ISERROR(SEARCH(MID(";"&'CASE DATA'!$F8&";",ROW($1:$99),1),";")),"",ROW($1:$99)),COLUMN(E7)+1)-SMALL(IF(ISERROR(SEARCH(MID(";"&'CASE DATA'!$F8&";",ROW($1:$99),1),";")),"",ROW($1:$99)),COLUMN(E7))-1)} | AA8: {=MID(";"&'CASE DATA'!$F8&";",SMALL(IF(ISERROR(SEARCH(MID(";"&'CASE DATA'!$F8&";",ROW($1:$99),1),";")),"",ROW($1:$99)+1),COLUMN(F8)),SMALL(IF(ISERROR(SEARCH(MID(";"&'CASE DATA'!$F8&";",ROW($1:$99),1),";")),"",ROW($1:$99)),COLUMN(F7)+1)-SMALL(IF(ISERROR(SEARCH(MID(";"&'CASE DATA'!$F8&";",ROW($1:$99),1),";")),"",ROW($1:$99)),COLUMN(F7))-1)} | AB8: {=MID(";"&'CASE DATA'!$F8&";",SMALL(IF(ISERROR(SEARCH(MID(";"&'CASE DATA'!$F8&";",ROW($1:$99),1),";")),"",ROW($1:$99)+1),COLUMN(G8)),SMALL(IF(ISERROR(SEARCH(MID(";"&'CASE DATA'!$F8&";",ROW($1:$99),1),";")),"",ROW($1:$99)),COLUMN(G7)+1)-SMALL(IF(ISERROR(SEARCH(MID(";"&'CASE DATA'!$F8&";",ROW($1:$99),1),";")),"",ROW($1:$99)),COLUMN(G7))-1)} | AC8: {=MID(";"&'CASE DATA'!$F8&";",SMALL(IF(ISERROR(SEARCH(MID(";"&'CASE DATA'!$F8&";",ROW($1:$99),1),";")),"",ROW($1:$99)+1),COLUMN(H8)),SMALL(IF(ISERROR(SEARCH(MID(";"&'CASE DATA'!$F8&";",ROW($1:$99),1),";")),"",ROW($1:$99)),COLUMN(H7)+1)-SMALL(IF(ISERROR(SEARCH(MID(";"&'CASE DATA'!$F8&";",ROW($1:$99),1),";")),"",ROW($1:$99)),COLUMN(H7))-1)} | AD8: {=MID(";"&'CASE DATA'!$F8&";",SMALL(IF(ISERROR(SEARCH(MID(";"&'CASE DATA'!$F8&";",ROW($1:$99),1),";")),"",ROW($1:$99)+1),COLUMN(I8)),SMALL(IF(ISERROR(SEARCH(MID(";"&'CASE DATA'!$F8&";",ROW($1:$99),1),";")),"",ROW($1:$99)),COLUMN(I7)+1)-SMALL(IF(ISERROR(SEARCH(MID(";"&'CASE DATA'!$F8&";",ROW($1:$99),1),";")),"",ROW($1:$99)),COLUMN(I7))-1)} | AE8: {=MID(";"&'CASE DATA'!$F8&";",SMALL(IF(ISERROR(SEARCH(MID(";"&'CASE DATA'!$F8&";",ROW($1:$99),1),";")),"",ROW($1:$99)+1),COLUMN(J8)),SMALL(IF(ISERROR(SEARCH(MID(";"&'CASE DATA'!$F8&";",ROW($1:$99),1),";")),"",ROW($1:$99)),COLUMN(J7)+1)-SMALL(IF(ISERROR(SEARCH(MID(";"&'CASE DATA'!$F8&";",ROW($1:$99),1),";")),"",ROW($1:$99)),COLUMN(J7))-1)} | AF8: {=MID(";"&'CASE DATA'!$F8&";",SMALL(IF(ISERROR(SEARCH(MID(";"&'CASE DATA'!$F8&";",ROW($1:$99),1),";")),"",ROW($1:$99)+1),COLUMN(K8)),SMALL(IF(ISERROR(SEARCH(MID(";"&'CASE DATA'!$F8&";",ROW($1:$99),1),";")),"",ROW($1:$99)),COLUMN(K7)+1)-SMALL(IF(ISERROR(SEARCH(MID(";"&'CASE DATA'!$F8&";",ROW($1:$99),1),";")),"",ROW($1:$99)),COLUMN(K7))-1)} | ... AH8: {=MID(";"&'CASE DATA'!$F8&";",SMALL(IF(ISERROR(SEARCH(MID(";"&'CASE DATA'!$F8&";",ROW($1:$99),1),";")),"",ROW($1:$99)+1),COLUMN(M8)),SMALL(IF(ISERROR(SEARCH(MID(";"&'CASE DATA'!$F8&";",ROW($1:$99),1),";")),"",ROW($1:$99)),COLUMN(M7)+1)-SMALL(IF(ISERROR(SEARCH(MID(";"&'CASE DATA'!$F8&";",ROW($1:$99),1),";")),"",ROW($1:$99)),COLUMN(M7))-1)}
T9: =SUM(J9:S9) -> 0 | W9: {=MID(";"&'CASE DATA'!$F9&";",SMALL(IF(ISERROR(SEARCH(MID(";"&'CASE DATA'!$F9&";",ROW($1:$99),1),";")),"",ROW($1:$99)+1),COLUMN(A9)),SMALL(IF(ISERROR(SEARCH(MID(";"&'CASE DATA'!$F9&";",ROW($1:$99),1),";")),"",ROW($1:$99)),COLUMN(A8)+1)-SMALL(IF(ISERROR(SEARCH(MID(";"&'CASE DATA'!$F9&";",ROW($1:$99),1),";")),"",ROW($1:$99)),COLUMN(A8))-1)} | X9: {=MID(";"&'CASE DATA'!$F9&";",SMALL(IF(ISERROR(SEARCH(MID(";"&'CASE DATA'!$F9&";",ROW($1:$99),1),";")),"",ROW($1:$99)+1),COLUMN(B9)),SMALL(IF(ISERROR(SEARCH(MID(";"&'CASE DATA'!$F9&";",ROW($1:$99),1),";")),"",ROW($1:$99)),COLUMN(B8)+1)-SMALL(IF(ISERROR(SEARCH(MID(";"&'CASE DATA'!$F9&";",ROW($1:$99),1),";")),"",ROW($1:$99)),COLUMN(B8))-1)} | Y9: {=MID(";"&'CASE DATA'!$F9&";",SMALL(IF(ISERROR(SEARCH(MID(";"&'CASE DATA'!$F9&";",ROW($1:$99),1),";")),"",ROW($1:$99)+1),COLUMN(D9)),SMALL(IF(ISERROR(SEARCH(MID(";"&'CASE DATA'!$F9&";",ROW($1:$99),1),";")),"",ROW($1:$99)),COLUMN(D8)+1)-SMALL(IF(ISERROR(SEARCH(MID(";"&'CASE DATA'!$F9&";",ROW($1:$99),1),";")),"",ROW($1:$99)),COLUMN(D8))-1)} | Z9: {=MID(";"&'CASE DATA'!$F9&";",SMALL(IF(ISERROR(SEARCH(MID(";"&'CASE DATA'!$F9&";",ROW($1:$99),1),";")),"",ROW($1:$99)+1),COLUMN(E9)),SMALL(IF(ISERROR(SEARCH(MID(";"&'CASE DATA'!$F9&";",ROW($1:$99),1),";")),"",ROW($1:$99)),COLUMN(E8)+1)-SMALL(IF(ISERROR(SEARCH(MID(";"&'CASE DATA'!$F9&";",ROW($1:$99),1),";")),"",ROW($1:$99)),COLUMN(E8))-1)} | AA9: {=MID(";"&'CASE DATA'!$F9&";",SMALL(IF(ISERROR(SEARCH(MID(";"&'CASE DATA'!$F9&";",ROW($1:$99),1),";")),"",ROW($1:$99)+1),COLUMN(F9)),SMALL(IF(ISERROR(SEARCH(MID(";"&'CASE DATA'!$F9&";",ROW($1:$99),1),";")),"",ROW($1:$99)),COLUMN(F8)+1)-SMALL(IF(ISERROR(SEARCH(MID(";"&'CASE DATA'!$F9&";",ROW($1:$99),1),";")),"",ROW($1:$99)),COLUMN(F8))-1)} | AB9: {=MID(";"&'CASE DATA'!$F9&";",SMALL(IF(ISERROR(SEARCH(MID(";"&'CASE DATA'!$F9&";",ROW($1:$99),1),";")),"",ROW($1:$99)+1),COLUMN(G9)),SMALL(IF(ISERROR(SEARCH(MID(";"&'CASE DATA'!$F9&";",ROW($1:$99),1),";")),"",ROW($1:$99)),COLUMN(G8)+1)-SMALL(IF(ISERROR(SEARCH(MID(";"&'CASE DATA'!$F9&";",ROW($1:$99),1),";")),"",ROW($1:$99)),COLUMN(G8))-1)} | AC9: {=MID(";"&'CASE DATA'!$F9&";",SMALL(IF(ISERROR(SEARCH(MID(";"&'CASE DATA'!$F9&";",ROW($1:$99),1),";")),"",ROW($1:$99)+1),COLUMN(H9)),SMALL(IF(ISERROR(SEARCH(MID(";"&'CASE DATA'!$F9&";",ROW($1:$99),1),";")),"",ROW($1:$99)),COLUMN(H8)+1)-SMALL(IF(ISERROR(SEARCH(MID(";"&'CASE DATA'!$F9&";",ROW($1:$99),1),";")),"",ROW($1:$99)),COLUMN(H8))-1)} | AD9: {=MID(";"&'CASE DATA'!$F9&";",SMALL(IF(ISERROR(SEARCH(MID(";"&'CASE DATA'!$F9&";",ROW($1:$99),1),";")),"",ROW($1:$99)+1),COLUMN(I9)),SMALL(IF(ISERROR(SEARCH(MID(";"&'CASE DATA'!$F9&";",ROW($1:$99),1),";")),"",ROW($1:$99)),COLUMN(I8)+1)-SMALL(IF(ISERROR(SEARCH(MID(";"&'CASE DATA'!$F9&";",ROW($1:$99),1),";")),"",ROW($1:$99)),COLUMN(I8))-1)} | AE9: {=MID(";"&'CASE DATA'!$F9&";",SMALL(IF(ISERROR(SEARCH(MID(";"&'CASE DATA'!$F9&";",ROW($1:$99),1),";")),"",ROW($1:$99)+1),COLUMN(J9)),SMALL(IF(ISERROR(SEARCH(MID(";"&'CASE DATA'!$F9&";",ROW($1:$99),1),";")),"",ROW($1:$99)),COLUMN(J8)+1)-SMALL(IF(ISERROR(SEARCH(MID(";"&'CASE DATA'!$F9&";",ROW($1:$99),1),";")),"",ROW($1:$99)),COLUMN(J8))-1)} | AF9: {=MID(";"&'CASE DATA'!$F9&";",SMALL(IF(ISERROR(SEARCH(MID(";"&'CASE DATA'!$F9&";",ROW($1:$99),1),";")),"",ROW($1:$99)+1),COLUMN(K9)),SMALL(IF(ISERROR(SEARCH(MID(";"&'CASE DATA'!$F9&";",ROW($1:$99),1),";")),"",ROW($1:$99)),COLUMN(K8)+1)-SMALL(IF(ISERROR(SEARCH(MID(";"&'CASE DATA'!$F9&";",ROW($1:$99),1),";")),"",ROW($1:$99)),COLUMN(K8))-1)} | ... AI9: {=MID(";"&'CASE DATA'!$F9&";",SMALL(IF(ISERROR(SEARCH(MID(";"&'CASE DATA'!$F9&";",ROW($1:$99),1),";")),"",ROW($1:$99)+1),COLUMN(N9)),SMALL(IF(ISERROR(SEARCH(MID(";"&'CASE DATA'!$F9&";",ROW($1:$99),1),";")),"",ROW($1:$99)),COLUMN(N8)+1)-SMALL(IF(ISERROR(SEARCH(MID(";"&'CASE DATA'!$F9&";",ROW($1:$99),1),";")),"",ROW($1:$99)),COLUMN(N8))-1)}
T10: =SUM(J10:S10) -> 0 | W10: {=MID(";"&'CASE DATA'!$F10&";",SMALL(IF(ISERROR(SEARCH(MID(";"&'CASE DATA'!$F10&";",ROW($1:$99),1),";")),"",ROW($1:$99)+1),COLUMN(A10)),SMALL(IF(ISERROR(SEARCH(MID(";"&'CASE DATA'!$F10&";",ROW($1:$99),1),";")),"",ROW($1:$99)),COLUMN(A9)+1)-SMALL(IF(ISERROR(SEARCH(MID(";"&'CASE DATA'!$F10&";",ROW($1:$99),1),";")),"",ROW($1:$99)),COLUMN(A9))-1)} | X10: {=MID(";"&'CASE DATA'!$F10&";",SMALL(IF(ISERROR(SEARCH(MID(";"&'CASE DATA'!$F10&";",ROW($1:$99),1),";")),"",ROW($1:$99)+1),COLUMN(B10)),SMALL(IF(ISERROR(SEARCH(MID(";"&'CASE DATA'!$F10&";",ROW($1:$99),1),";")),"",ROW($1:$99)),COLUMN(B9)+1)-SMALL(IF(ISERROR(SEARCH(MID(";"&'CASE DATA'!$F10&";",ROW($1:$99),1),";")),"",ROW($1:$99)),COLUMN(B9))-1)} | Y10: {=MID(";"&'CASE DATA'!$F10&";",SMALL(IF(ISERROR(SEARCH(MID(";"&'CASE DATA'!$F10&";",ROW($1:$99),1),";")),"",ROW($1:$99)+1),COLUMN(D10)),SMALL(IF(ISERROR(SEARCH(MID(";"&'CASE DATA'!$F10&";",ROW($1:$99),1),";")),"",ROW($1:$99)),COLUMN(D9)+1)-SMALL(IF(ISERROR(SEARCH(MID(";"&'CASE DATA'!$F10&";",ROW($1:$99),1),";")),"",ROW($1:$99)),COLUMN(D9))-1)} | Z10: {=MID(";"&'CASE DATA'!$F10&";",SMALL(IF(ISERROR(SEARCH(MID(";"&'CASE DATA'!$F10&";",ROW($1:$99),1),";")),"",ROW($1:$99)+1),COLUMN(E10)),SMALL(IF(ISERROR(SEARCH(MID(";"&'CASE DATA'!$F10&";",ROW($1:$99),1),";")),"",ROW($1:$99)),COLUMN(E9)+1)-SMALL(IF(ISERROR(SEARCH(MID(";"&'CASE DATA'!$F10&";",ROW($1:$99),1),";")),"",ROW($1:$99)),COLUMN(E9))-1)} | AA10: {=MID(";"&'CASE DATA'!$F10&";",SMALL(IF(ISERROR(SEARCH(MID(";"&'CASE DATA'!$F10&";",ROW($1:$99),1),";")),"",ROW($1:$99)+1),COLUMN(F10)),SMALL(IF(ISERROR(SEARCH(MID(";"&'CASE DATA'!$F10&";",ROW($1:$99),1),";")),"",ROW($1:$99)),COLUMN(F9)+1)-SMALL(IF(ISERROR(SEARCH(MID(";"&'CASE DATA'!$F10&";",ROW($1:$99),1),";")),"",ROW($1:$99)),COLUMN(F9))-1)} | AB10: {=MID(";"&'CASE DATA'!$F10&";",SMALL(IF(ISERROR(SEARCH(MID(";"&'CASE DATA'!$F10&";",ROW($1:$99),1),";")),"",ROW($1:$99)+1),COLUMN(G10)),SMALL(IF(ISERROR(SEARCH(MID(";"&'CASE DATA'!$F10&";",ROW($1:$99),1),";")),"",ROW($1:$99)),COLUMN(G9)+1)-SMALL(IF(ISERROR(SEARCH(MID(";"&'CASE DATA'!$F10&";",ROW($1:$99),1),";")),"",ROW($1:$99)),COLUMN(G9))-1)} | AC10: {=MID(";"&'CASE DATA'!$F10&";",SMALL(IF(ISERROR(SEARCH(MID(";"&'CASE DATA'!$F10&";",ROW($1:$99),1),";")),"",ROW($1:$99)+1),COLUMN(H10)),SMALL(IF(ISERROR(SEARCH(MID(";"&'CASE DATA'!$F10&";",ROW($1:$99),1),";")),"",ROW($1:$99)),COLUMN(H9)+1)-SMALL(IF(ISERROR(SEARCH(MID(";"&'CASE DATA'!$F10&";",ROW($1:$99),1),";")),"",ROW($1:$99)),COLUMN(H9))-1)} | AD10: {=MID(";"&'CASE DATA'!$F10&";",SMALL(IF(ISERROR(SEARCH(MID(";"&'CASE DATA'!$F10&";",ROW($1:$99),1),";")),"",ROW($1:$99)+1),COLUMN(I10)),SMALL(IF(ISERROR(SEARCH(MID(";"&'CASE DATA'!$F10&";",ROW($1:$99),1),";")),"",ROW($1:$99)),COLUMN(I9)+1)-SMALL(IF(ISERROR(SEARCH(MID(";"&'CASE DATA'!$F10&";",ROW($1:$99),1),";")),"",ROW($1:$99)),COLUMN(I9))-1)} | AE10: {=MID(";"&'CASE DATA'!$F10&";",SMALL(IF(ISERROR(SEARCH(MID(";"&'CASE DATA'!$F10&";",ROW($1:$99),1),";")),"",ROW($1:$99)+1),COLUMN(J10)),SMALL(IF(ISERROR(SEARCH(MID(";"&'CASE DATA'!$F10&";",ROW($1:$99),1),";")),"",ROW($1:$99)),COLUMN(J9)+1)-SMALL(IF(ISERROR(SEARCH(MID(";"&'CASE DATA'!$F10&";",ROW($1:$99),1),";")),"",ROW($1:$99)),COLUMN(J9))-1)} | AF10: {=MID(";"&'CASE DATA'!$F10&";",SMALL(IF(ISERROR(SEARCH(MID(";"&'CASE DATA'!$F10&";",ROW($1:$99),1),";")),"",ROW($1:$99)+1),COLUMN(K10)),SMALL(IF(ISERROR(SEARCH(MID(";"&'CASE DATA'!$F10&";",ROW($1:$99),1),";")),"",ROW($1:$99)),COLUMN(K9)+1)-SMALL(IF(ISERROR(SEARCH(MID(";"&'CASE DATA'!$F10&";",ROW($1:$99),1),";")),"",ROW($1:$99)),COLUMN(K9))-1)} | ... AH10: {=MID(";"&'CASE DATA'!$F10&";",SMALL(IF(ISERROR(SEARCH(MID(";"&'CASE DATA'!$F10&";",ROW($1:$99),1),";")),"",ROW($1:$99)+1),COLUMN(M10)),SMALL(IF(ISERROR(SEARCH(MID(";"&'CASE DATA'!$F10&";",ROW($1:$99),1),";")),"",ROW($1:$99)),COLUMN(M9)+1)-SMALL(IF(ISERROR(SEARCH(MID(";"&'CASE DATA'!$F10&";",ROW($1:$99),1),";")),"",ROW($1:$99)),COLUMN(M9))-1)}
T11: =SUM(J11:S11) -> 0 | W11: {=MID(";"&'CASE DATA'!$F11&";",SMALL(IF(ISERROR(SEARCH(MID(";"&'CASE DATA'!$F11&";",ROW($1:$99),1),";")),"",ROW($1:$99)+1),COLUMN(A11)),SMALL(IF(ISERROR(SEARCH(MID(";"&'CASE DATA'!$F11&";",ROW($1:$99),1),";")),"",ROW($1:$99)),COLUMN(A10)+1)-SMALL(IF(ISERROR(SEARCH(MID(";"&'CASE DATA'!$F11&";",ROW($1:$99),1),";")),"",ROW($1:$99)),COLUMN(A10))-1)} | X11: {=MID(";"&'CASE DATA'!$F11&";",SMALL(IF(ISERROR(SEARCH(MID(";"&'CASE DATA'!$F11&";",ROW($1:$99),1),";")),"",ROW($1:$99)+1),COLUMN(B11)),SMALL(IF(ISERROR(SEARCH(MID(";"&'CASE DATA'!$F11&";",ROW($1:$99),1),";")),"",ROW($1:$99)),COLUMN(B10)+1)-SMALL(IF(ISERROR(SEARCH(MID(";"&'CASE DATA'!$F11&";",ROW($1:$99),1),";")),"",ROW($1:$99)),COLUMN(B10))-1)} | Y11: {=MID(";"&'CASE DATA'!$F11&";",SMALL(IF(ISERROR(SEARCH(MID(";"&'CASE DATA'!$F11&";",ROW($1:$99),1),";")),"",ROW($1:$99)+1),COLUMN(D11)),SMALL(IF(ISERROR(SEARCH(MID(";"&'CASE DATA'!$F11&";",ROW($1:$99),1),";")),"",ROW($1:$99)),COLUMN(D10)+1)-SMALL(IF(ISERROR(SEARCH(MID(";"&'CASE DATA'!$F11&";",ROW($1:$99),1),";")),"",ROW($1:$99)),COLUMN(D10))-1)} | Z11: {=MID(";"&'CASE DATA'!$F11&";",SMALL(IF(ISERROR(SEARCH(MID(";"&'CASE DATA'!$F11&";",ROW($1:$99),1),";")),"",ROW($1:$99)+1),COLUMN(E11)),SMALL(IF(ISERROR(SEARCH(MID(";"&'CASE DATA'!$F11&";",ROW($1:$99),1),";")),"",ROW($1:$99)),COLUMN(E10)+1)-SMALL(IF(ISERROR(SEARCH(MID(";"&'CASE DATA'!$F11&";",ROW($1:$99),1),";")),"",ROW($1:$99)),COLUMN(E10))-1)} | AA11: {=MID(";"&'CASE DATA'!$F11&";",SMALL(IF(ISERROR(SEARCH(MID(";"&'CASE DATA'!$F11&";",ROW($1:$99),1),";")),"",ROW($1:$99)+1),COLUMN(F11)),SMALL(IF(ISERROR(SEARCH(MID(";"&'CASE DATA'!$F11&";",ROW($1:$99),1),";")),"",ROW($1:$99)),COLUMN(F10)+1)-SMALL(IF(ISERROR(SEARCH(MID(";"&'CASE DATA'!$F11&";",ROW($1:$99),1),";")),"",ROW($1:$99)),COLUMN(F10))-1)} | AB11: {=MID(";"&'CASE DATA'!$F11&";",SMALL(IF(ISERROR(SEARCH(MID(";"&'CASE DATA'!$F11&";",ROW($1:$99),1),";")),"",ROW($1:$99)+1),COLUMN(G11)),SMALL(IF(ISERROR(SEARCH(MID(";"&'CASE DATA'!$F11&";",ROW($1:$99),1),";")),"",ROW($1:$99)),COLUMN(G10)+1)-SMALL(IF(ISERROR(SEARCH(MID(";"&'CASE DATA'!$F11&";",ROW($1:$99),1),";")),"",ROW($1:$99)),COLUMN(G10))-1)} | AC11: {=MID(";"&'CASE DATA'!$F11&";",SMALL(IF(ISERROR(SEARCH(MID(";"&'CASE DATA'!$F11&";",ROW($1:$99),1),";")),"",ROW($1:$99)+1),COLUMN(H11)),SMALL(IF(ISERROR(SEARCH(MID(";"&'CASE DATA'!$F11&";",ROW($1:$99),1),";")),"",ROW($1:$99)),COLUMN(H10)+1)-SMALL(IF(ISERROR(SEARCH(MID(";"&'CASE DATA'!$F11&";",ROW($1:$99),1),";")),"",ROW($1:$99)),COLUMN(H10))-1)} | AD11: {=MID(";"&'CASE DATA'!$F11&";",SMALL(IF(ISERROR(SEARCH(MID(";"&'CASE DATA'!$F11&";",ROW($1:$99),1),";")),"",ROW($1:$99)+1),COLUMN(I11)),SMALL(IF(ISERROR(SEARCH(MID(";"&'CASE DATA'!$F11&";",ROW($1:$99),1),";")),"",ROW($1:$99)),COLUMN(I10)+1)-SMALL(IF(ISERROR(SEARCH(MID(";"&'CASE DATA'!$F11&";",ROW($1:$99),1),";")),"",ROW($1:$99)),COLUMN(I10))-1)} | AE11: {=MID(";"&'CASE DATA'!$F11&";",SMALL(IF(ISERROR(SEARCH(MID(";"&'CASE DATA'!$F11&";",ROW($1:$99),1),";")),"",ROW($1:$99)+1),COLUMN(J11)),SMALL(IF(ISERROR(SEARCH(MID(";"&'CASE DATA'!$F11&";",ROW($1:$99),1),";")),"",ROW($1:$99)),COLUMN(J10)+1)-SMALL(IF(ISERROR(SEARCH(MID(";"&'CASE DATA'!$F11&";",ROW($1:$99),1),";")),"",ROW($1:$99)),COLUMN(J10))-1)} | AF11: {=MID(";"&'CASE DATA'!$F11&";",SMALL(IF(ISERROR(SEARCH(MID(";"&'CASE DATA'!$F11&";",ROW($1:$99),1),";")),"",ROW($1:$99)+1),COLUMN(K11)),SMALL(IF(ISERROR(SEARCH(MID(";"&'CASE DATA'!$F11&";",ROW($1:$99),1),";")),"",ROW($1:$99)),COLUMN(K10)+1)-SMALL(IF(ISERROR(SEARCH(MID(";"&'CASE DATA'!$F11&";",ROW($1:$99),1),";")),"",ROW($1:$99)),COLUMN(K10))-1)} | ... AH11: {=MID(";"&'CASE DATA'!$F11&";",SMALL(IF(ISERROR(SEARCH(MID(";"&'CASE DATA'!$F11&";",ROW($1:$99),1),";")),"",ROW($1:$99)+1),COLUMN(M11)),SMALL(IF(ISERROR(SEARCH(MID(";"&'CASE DATA'!$F11&";",ROW($1:$99),1),";")),"",ROW($1:$99)),COLUMN(M10)+1)-SMALL(IF(ISERROR(SEARCH(MID(";"&'CASE DATA'!$F11&";",ROW($1:$99),1),";")),"",ROW($1:$99)),COLUMN(M10))-1)}
T12: =SUM(J12:S12) -> 0 | W12: {=MID(";"&'CASE DATA'!$F12&";",SMALL(IF(ISERROR(SEARCH(MID(";"&'CASE DATA'!$F12&";",ROW($1:$99),1),";")),"",ROW($1:$99)+1),COLUMN(A12)),SMALL(IF(ISERROR(SEARCH(MID(";"&'CASE DATA'!$F12&";",ROW($1:$99),1),";")),"",ROW($1:$99)),COLUMN(A11)+1)-SMALL(IF(ISERROR(SEARCH(MID(";"&'CASE DATA'!$F12&";",ROW($1:$99),1),";")),"",ROW($1:$99)),COLUMN(A11))-1)} | X12: {=MID(";"&'CASE DATA'!$F12&";",SMALL(IF(ISERROR(SEARCH(MID(";"&'CASE DATA'!$F12&";",ROW($1:$99),1),";")),"",ROW($1:$99)+1),COLUMN(B12)),SMALL(IF(ISERROR(SEARCH(MID(";"&'CASE DATA'!$F12&";",ROW($1:$99),1),";")),"",ROW($1:$99)),COLUMN(B11)+1)-SMALL(IF(ISERROR(SEARCH(MID(";"&'CASE DATA'!$F12&";",ROW($1:$99),1),";")),"",ROW($1:$99)),COLUMN(B11))-1)} | Y12: {=MID(";"&'CASE DATA'!$F12&";",SMALL(IF(ISERROR(SEARCH(MID(";"&'CASE DATA'!$F12&";",ROW($1:$99),1),";")),"",ROW($1:$99)+1),COLUMN(D12)),SMALL(IF(ISERROR(SEARCH(MID(";"&'CASE DATA'!$F12&";",ROW($1:$99),1),";")),"",ROW($1:$99)),COLUMN(D11)+1)-SMALL(IF(ISERROR(SEARCH(MID(";"&'CASE DATA'!$F12&";",ROW($1:$99),1),";")),"",ROW($1:$99)),COLUMN(D11))-1)} | Z12: {=MID(";"&'CASE DATA'!$F12&";",SMALL(IF(ISERROR(SEARCH(MID(";"&'CASE DATA'!$F12&";",ROW($1:$99),1),";")),"",ROW($1:$99)+1),COLUMN(E12)),SMALL(IF(ISERROR(SEARCH(MID(";"&'CASE DATA'!$F12&";",ROW($1:$99),1),";")),"",ROW($1:$99)),COLUMN(E11)+1)-SMALL(IF(ISERROR(SEARCH(MID(";"&'CASE DATA'!$F12&";",ROW($1:$99),1),";")),"",ROW($1:$99)),COLUMN(E11))-1)} | AA12: {=MID(";"&'CASE DATA'!$F12&";",SMALL(IF(ISERROR(SEARCH(MID(";"&'CASE DATA'!$F12&";",ROW($1:$99),1),";")),"",ROW($1:$99)+1),COLUMN(F12)),SMALL(IF(ISERROR(SEARCH(MID(";"&'CASE DATA'!$F12&";",ROW($1:$99),1),";")),"",ROW($1:$99)),COLUMN(F11)+1)-SMALL(IF(ISERROR(SEARCH(MID(";"&'CASE DATA'!$F12&";",ROW($1:$99),1),";")),"",ROW($1:$99)),COLUMN(F11))-1)} | AB12: {=MID(";"&'CASE DATA'!$F12&";",SMALL(IF(ISERROR(SEARCH(MID(";"&'CASE DATA'!$F12&";",ROW($1:$99),1),";")),"",ROW($1:$99)+1),COLUMN(G12)),SMALL(IF(ISERROR(SEARCH(MID(";"&'CASE DATA'!$F12&";",ROW($1:$99),1),";")),"",ROW($1:$99)),COLUMN(G11)+1)-SMALL(IF(ISERROR(SEARCH(MID(";"&'CASE DATA'!$F12&";",ROW($1:$99),1),";")),"",ROW($1:$99)),COLUMN(G11))-1)} | AC12: {=MID(";"&'CASE DATA'!$F12&";",SMALL(IF(ISERROR(SEARCH(MID(";"&'CASE DATA'!$F12&";",ROW($1:$99),1),";")),"",ROW($1:$99)+1),COLUMN(H12)),SMALL(IF(ISERROR(SEARCH(MID(";"&'CASE DATA'!$F12&";",ROW($1:$99),1),";")),"",ROW($1:$99)),COLUMN(H11)+1)-SMALL(IF(ISERROR(SEARCH(MID(";"&'CASE DATA'!$F12&";",ROW($1:$99),1),";")),"",ROW($1:$99)),COLUMN(H11))-1)} | AD12: {=MID(";"&'CASE DATA'!$F12&";",SMALL(IF(ISERROR(SEARCH(MID(";"&'CASE DATA'!$F12&";",ROW($1:$99),1),";")),"",ROW($1:$99)+1),COLUMN(I12)),SMALL(IF(ISERROR(SEARCH(MID(";"&'CASE DATA'!$F12&";",ROW($1:$99),1),";")),"",ROW($1:$99)),COLUMN(I11)+1)-SMALL(IF(ISERROR(SEARCH(MID(";"&'CASE DATA'!$F12&";",ROW($1:$99),1),";")),"",ROW($1:$99)),COLUMN(I11))-1)} | AE12: {=MID(";"&'CASE DATA'!$F12&";",SMALL(IF(ISERROR(SEARCH(MID(";"&'CASE DATA'!$F12&";",ROW($1:$99),1),";")),"",ROW($1:$99)+1),COLUMN(J12)),SMALL(IF(ISERROR(SEARCH(MID(";"&'CASE DATA'!$F12&";",ROW($1:$99),1),";")),"",ROW($1:$99)),COLUMN(J11)+1)-SMALL(IF(ISERROR(SEARCH(MID(";"&'CASE DATA'!$F12&";",ROW($1:$99),1),";")),"",ROW($1:$99)),COLUMN(J11))-1)} | AF12: {=MID(";"&'CASE DATA'!$F12&";",SMALL(IF(ISERROR(SEARCH(MID(";"&'CASE DATA'!$F12&";",ROW($1:$99),1),";")),"",ROW($1:$99)+1),COLUMN(K12)),SMALL(IF(ISERROR(SEARCH(MID(";"&'CASE DATA'!$F12&";",ROW($1:$99),1),";")),"",ROW($1:$99)),COLUMN(K11)+1)-SMALL(IF(ISERROR(SEARCH(MID(";"&'CASE DATA'!$F12&";",ROW($1:$99),1),";")),"",ROW($1:$99)),COLUMN(K11))-1)} | ... AH12: {=MID(";"&'CASE DATA'!$F12&";",SMALL(IF(ISERROR(SEARCH(MID(";"&'CASE DATA'!$F12&";",ROW($1:$99),1),";")),"",ROW($1:$99)+1),COLUMN(M12)),SMALL(IF(ISERROR(SEARCH(MID(";"&'CASE DATA'!$F12&";",ROW($1:$99),1),";")),"",ROW($1:$99)),COLUMN(M11)+1)-SMALL(IF(ISERROR(SEARCH(MID(";"&'CASE DATA'!$F12&";",ROW($1:$99),1),";")),"",ROW($1:$99)),COLUMN(M11))-1)}
T13: =SUM(J13:S13) -> 0 | W13: {=MID(";"&'CASE DATA'!$F13&";",SMALL(IF(ISERROR(SEARCH(MID(";"&'CASE DATA'!$F13&";",ROW($1:$99),1),";")),"",ROW($1:$99)+1),COLUMN(A13)),SMALL(IF(ISERROR(SEARCH(MID(";"&'CASE DATA'!$F13&";",ROW($1:$99),1),";")),"",ROW($1:$99)),COLUMN(A12)+1)-SMALL(IF(ISERROR(SEARCH(MID(";"&'CASE DATA'!$F13&";",ROW($1:$99),1),";")),"",ROW($1:$99)),COLUMN(A12))-1)} | X13: {=MID(";"&'CASE DATA'!$F13&";",SMALL(IF(ISERROR(SEARCH(MID(";"&'CASE DATA'!$F13&";",ROW($1:$99),1),";")),"",ROW($1:$99)+1),COLUMN(B13)),SMALL(IF(ISERROR(SEARCH(MID(";"&'CASE DATA'!$F13&";",ROW($1:$99),1),";")),"",ROW($1:$99)),COLUMN(B12)+1)-SMALL(IF(ISERROR(SEARCH(MID(";"&'CASE DATA'!$F13&";",ROW($1:$99),1),";")),"",ROW($1:$99)),COLUMN(B12))-1)} | Y13: {=MID(";"&'CASE DATA'!$F13&";",SMALL(IF(ISERROR(SEARCH(MID(";"&'CASE DATA'!$F13&";",ROW($1:$99),1),";")),"",ROW($1:$99)+1),COLUMN(D13)),SMALL(IF(ISERROR(SEARCH(MID(";"&'CASE DATA'!$F13&";",ROW($1:$99),1),";")),"",ROW($1:$99)),COLUMN(D12)+1)-SMALL(IF(ISERROR(SEARCH(MID(";"&'CASE DATA'!$F13&";",ROW($1:$99),1),";")),"",ROW($1:$99)),COLUMN(D12))-1)} | Z13: {=MID(";"&'CASE DATA'!$F13&";",SMALL(IF(ISERROR(SEARCH(MID(";"&'CASE DATA'!$F13&";",ROW($1:$99),1),";")),"",ROW($1:$99)+1),COLUMN(E13)),SMALL(IF(ISERROR(SEARCH(MID(";"&'CASE DATA'!$F13&";",ROW($1:$99),1),";")),"",ROW($1:$99)),COLUMN(E12)+1)-SMALL(IF(ISERROR(SEARCH(MID(";"&'CASE DATA'!$F13&";",ROW($1:$99),1),";")),"",ROW($1:$99)),COLUMN(E12))-1)} | AA13: {=MID(";"&'CASE DATA'!$F13&";",SMALL(IF(ISERROR(SEARCH(MID(";"&'CASE DATA'!$F13&";",ROW($1:$99),1),";")),"",ROW($1:$99)+1),COLUMN(F13)),SMALL(IF(ISERROR(SEARCH(MID(";"&'CASE DATA'!$F13&";",ROW($1:$99),1),";")),"",ROW($1:$99)),COLUMN(F12)+1)-SMALL(IF(ISERROR(SEARCH(MID(";"&'CASE DATA'!$F13&";",ROW($1:$99),1),";")),"",ROW($1:$99)),COLUMN(F12))-1)} | AB13: {=MID(";"&'CASE DATA'!$F13&";",SMALL(IF(ISERROR(SEARCH(MID(";"&'CASE DATA'!$F13&";",ROW($1:$99),1),";")),"",ROW($1:$99)+1),COLUMN(G13)),SMALL(IF(ISERROR(SEARCH(MID(";"&'CASE DATA'!$F13&";",ROW($1:$99),1),";")),"",ROW($1:$99)),COLUMN(G12)+1)-SMALL(IF(ISERROR(SEARCH(MID(";"&'CASE DATA'!$F13&";",ROW($1:$99),1),";")),"",ROW($1:$99)),COLUMN(G12))-1)} | AC13: {=MID(";"&'CASE DATA'!$F13&";",SMALL(IF(ISERROR(SEARCH(MID(";"&'CASE DATA'!$F13&";",ROW($1:$99),1),";")),"",ROW($1:$99)+1),COLUMN(H13)),SMALL(IF(ISERROR(SEARCH(MID(";"&'CASE DATA'!$F13&";",ROW($1:$99),1),";")),"",ROW($1:$99)),COLUMN(H12)+1)-SMALL(IF(ISERROR(SEARCH(MID(";"&'CASE DATA'!$F13&";",ROW($1:$99),1),";")),"",ROW($1:$99)),COLUMN(H12))-1)} | AD13: {=MID(";"&'CASE DATA'!$F13&";",SMALL(IF(ISERROR(SEARCH(MID(";"&'CASE DATA'!$F13&";",ROW($1:$99),1),";")),"",ROW($1:$99)+1),COLUMN(I13)),SMALL(IF(ISERROR(SEARCH(MID(";"&'CASE DATA'!$F13&";",ROW($1:$99),1),";")),"",ROW($1:$99)),COLUMN(I12)+1)-SMALL(IF(ISERROR(SEARCH(MID(";"&'CASE DATA'!$F13&";",ROW($1:$99),1),";")),"",ROW($1:$99)),COLUMN(I12))-1)} | AE13: {=MID(";"&'CASE DATA'!$F13&";",SMALL(IF(ISERROR(SEARCH(MID(";"&'CASE DATA'!$F13&";",ROW($1:$99),1),";")),"",ROW($1:$99)+1),COLUMN(J13)),SMALL(IF(ISERROR(SEARCH(MID(";"&'CASE DATA'!$F13&";",ROW($1:$99),1),";")),"",ROW($1:$99)),COLUMN(J12)+1)-SMALL(IF(ISERROR(SEARCH(MID(";"&'CASE DATA'!$F13&";",ROW($1:$99),1),";")),"",ROW($1:$99)),COLUMN(J12))-1)} | AF13: {=MID(";"&'CASE DATA'!$F13&";",SMALL(IF(ISERROR(SEARCH(MID(";"&'CASE DATA'!$F13&";",ROW($1:$99),1),";")),"",ROW($1:$99)+1),COLUMN(K13)),SMALL(IF(ISERROR(SEARCH(MID(";"&'CASE DATA'!$F13&";",ROW($1:$99),1),";")),"",ROW($1:$99)),COLUMN(K12)+1)-SMALL(IF(ISERROR(SEARCH(MID(";"&'CASE DATA'!$F13&";",ROW($1:$99),1),";")),"",ROW($1:$99)),COLUMN(K12))-1)} | ... AH13: {=MID(";"&'CASE DATA'!$F13&";",SMALL(IF(ISERROR(SEARCH(MID(";"&'CASE DATA'!$F13&";",ROW($1:$99),1),";")),"",ROW($1:$99)+1),COLUMN(M13)),SMALL(IF(ISERROR(SEARCH(MID(";"&'CASE DATA'!$F13&";",ROW($1:$99),1),";")),"",ROW($1:$99)),COLUMN(M12)+1)-SMALL(IF(ISERROR(SEARCH(MID(";"&'CASE DATA'!$F13&";",ROW($1:$99),1),";")),"",ROW($1:$99)),COLUMN(M12))-1)}
T14: =SUM(J14:S14) -> 0 | W14: {=MID(";"&'CASE DATA'!$F14&";",SMALL(IF(ISERROR(SEARCH(MID(";"&'CASE DATA'!$F14&";",ROW($1:$99),1),";")),"",ROW($1:$99)+1),COLUMN(A14)),SMALL(IF(ISERROR(SEARCH(MID(";"&'CASE DATA'!$F14&";",ROW($1:$99),1),";")),"",ROW($1:$99)),COLUMN(A13)+1)-SMALL(IF(ISERROR(SEARCH(MID(";"&'CASE DATA'!$F14&";",ROW($1:$99),1),";")),"",ROW($1:$99)),COLUMN(A13))-1)} | X14: {=MID(";"&'CASE DATA'!$F14&";",SMALL(IF(ISERROR(SEARCH(MID(";"&'CASE DATA'!$F14&";",ROW($1:$99),1),";")),"",ROW($1:$99)+1),COLUMN(B14)),SMALL(IF(ISERROR(SEARCH(MID(";"&'CASE DATA'!$F14&";",ROW($1:$99),1),";")),"",ROW($1:$99)),COLUMN(B13)+1)-SMALL(IF(ISERROR(SEARCH(MID(";"&'CASE DATA'!$F14&";",ROW($1:$99),1),";")),"",ROW($1:$99)),COLUMN(B13))-1)} | Y14: {=MID(";"&'CASE DATA'!$F14&";",SMALL(IF(ISERROR(SEARCH(MID(";"&'CASE DATA'!$F14&";",ROW($1:$99),1),";")),"",ROW($1:$99)+1),COLUMN(D14)),SMALL(IF(ISERROR(SEARCH(MID(";"&'CASE DATA'!$F14&";",ROW($1:$99),1),";")),"",ROW($1:$99)),COLUMN(D13)+1)-SMALL(IF(ISERROR(SEARCH(MID(";"&'CASE DATA'!$F14&";",ROW($1:$99),1),";")),"",ROW($1:$99)),COLUMN(D13))-1)} | Z14: {=MID(";"&'CASE DATA'!$F14&";",SMALL(IF(ISERROR(SEARCH(MID(";"&'CASE DATA'!$F14&";",ROW($1:$99),1),";")),"",ROW($1:$99)+1),COLUMN(E14)),SMALL(IF(ISERROR(SEARCH(MID(";"&'CASE DATA'!$F14&";",ROW($1:$99),1),";")),"",ROW($1:$99)),COLUMN(E13)+1)-SMALL(IF(ISERROR(SEARCH(MID(";"&'CASE DATA'!$F14&";",ROW($1:$99),1),";")),"",ROW($1:$99)),COLUMN(E13))-1)} | AA14: {=MID(";"&'CASE DATA'!$F14&";",SMALL(IF(ISERROR(SEARCH(MID(";"&'CASE DATA'!$F14&";",ROW($1:$99),1),";")),"",ROW($1:$99)+1),COLUMN(F14)),SMALL(IF(ISERROR(SEARCH(MID(";"&'CASE DATA'!$F14&";",ROW($1:$99),1),";")),"",ROW($1:$99)),COLUMN(F13)+1)-SMALL(IF(ISERROR(SEARCH(MID(";"&'CASE DATA'!$F14&";",ROW($1:$99),1),";")),"",ROW($1:$99)),COLUMN(F13))-1)} | AB14: {=MID(";"&'CASE DATA'!$F14&";",SMALL(IF(ISERROR(SEARCH(MID(";"&'CASE DATA'!$F14&";",ROW($1:$99),1),";")),"",ROW($1:$99)+1),COLUMN(G14)),SMALL(IF(ISERROR(SEARCH(MID(";"&'CASE DATA'!$F14&";",ROW($1:$99),1),";")),"",ROW($1:$99)),COLUMN(G13)+1)-SMALL(IF(ISERROR(SEARCH(MID(";"&'CASE DATA'!$F14&";",ROW($1:$99),1),";")),"",ROW($1:$99)),COLUMN(G13))-1)} | AC14: {=MID(";"&'CASE DATA'!$F14&";",SMALL(IF(ISERROR(SEARCH(MID(";"&'CASE DATA'!$F14&";",ROW($1:$99),1),";")),"",ROW($1:$99)+1),COLUMN(H14)),SMALL(IF(ISERROR(SEARCH(MID(";"&'CASE DATA'!$F14&";",ROW($1:$99),1),";")),"",ROW($1:$99)),COLUMN(H13)+1)-SMALL(IF(ISERROR(SEARCH(MID(";"&'CASE DATA'!$F14&";",ROW($1:$99),1),";")),"",ROW($1:$99)),COLUMN(H13))-1)} | AD14: {=MID(";"&'CASE DATA'!$F14&";",SMALL(IF(ISERROR(SEARCH(MID(";"&'CASE DATA'!$F14&";",ROW($1:$99),1),";")),"",ROW($1:$99)+1),COLUMN(I14)),SMALL(IF(ISERROR(SEARCH(MID(";"&'CASE DATA'!$F14&";",ROW($1:$99),1),";")),"",ROW($1:$99)),COLUMN(I13)+1)-SMALL(IF(ISERROR(SEARCH(MID(";"&'CASE DATA'!$F14&";",ROW($1:$99),1),";")),"",ROW($1:$99)),COLUMN(I13))-1)} | AE14: {=MID(";"&'CASE DATA'!$F14&";",SMALL(IF(ISERROR(SEARCH(MID(";"&'CASE DATA'!$F14&";",ROW($1:$99),1),";")),"",ROW($1:$99)+1),COLUMN(J14)),SMALL(IF(ISERROR(SEARCH(MID(";"&'CASE DATA'!$F14&";",ROW($1:$99),1),";")),"",ROW($1:$99)),COLUMN(J13)+1)-SMALL(IF(ISERROR(SEARCH(MID(";"&'CASE DATA'!$F14&";",ROW($1:$99),1),";")),"",ROW($1:$99)),COLUMN(J13))-1)} | AF14: {=MID(";"&'CASE DATA'!$F14&";",SMALL(IF(ISERROR(SEARCH(MID(";"&'CASE DATA'!$F14&";",ROW($1:$99),1),";")),"",ROW($1:$99)+1),COLUMN(K14)),SMALL(IF(ISERROR(SEARCH(MID(";"&'CASE DATA'!$F14&";",ROW($1:$99),1),";")),"",ROW($1:$99)),COLUMN(K13)+1)-SMALL(IF(ISERROR(SEARCH(MID(";"&'CASE DATA'!$F14&";",ROW($1:$99),1),";")),"",ROW($1:$99)),COLUMN(K13))-1)} | ... AH14: {=MID(";"&'CASE DATA'!$F14&";",SMALL(IF(ISERROR(SEARCH(MID(";"&'CASE DATA'!$F14&";",ROW($1:$99),1),";")),"",ROW($1:$99)+1),COLUMN(M14)),SMALL(IF(ISERROR(SEARCH(MID(";"&'CASE DATA'!$F14&";",ROW($1:$99),1),";")),"",ROW($1:$99)),COLUMN(M13)+1)-SMALL(IF(ISERROR(SEARCH(MID(";"&'CASE DATA'!$F14&";",ROW($1:$99),1),";")),"",ROW($1:$99)),COLUMN(M13))-1)}
T15: =SUM(J15:S15) -> 0 | W15: {=MID(";"&'CASE DATA'!$F15&";",SMALL(IF(ISERROR(SEARCH(MID(";"&'CASE DATA'!$F15&";",ROW($1:$99),1),";")),"",ROW($1:$99)+1),COLUMN(A15)),SMALL(IF(ISERROR(SEARCH(MID(";"&'CASE DATA'!$F15&";",ROW($1:$99),1),";")),"",ROW($1:$99)),COLUMN(A14)+1)-SMALL(IF(ISERROR(SEARCH(MID(";"&'CASE DATA'!$F15&";",ROW($1:$99),1),";")),"",ROW($1:$99)),COLUMN(A14))-1)} | X15: {=MID(";"&'CASE DATA'!$F15&";",SMALL(IF(ISERROR(SEARCH(MID(";"&'CASE DATA'!$F15&";",ROW($1:$99),1),";")),"",ROW($1:$99)+1),COLUMN(B15)),SMALL(IF(ISERROR(SEARCH(MID(";"&'CASE DATA'!$F15&";",ROW($1:$99),1),";")),"",ROW($1:$99)),COLUMN(B14)+1)-SMALL(IF(ISERROR(SEARCH(MID(";"&'CASE DATA'!$F15&";",ROW($1:$99),1),";")),"",ROW($1:$99)),COLUMN(B14))-1)} | Y15: {=MID(";"&'CASE DATA'!$F15&";",SMALL(IF(ISERROR(SEARCH(MID(";"&'CASE DATA'!$F15&";",ROW($1:$99),1),";")),"",ROW($1:$99)+1),COLUMN(D15)),SMALL(IF(ISERROR(SEARCH(MID(";"&'CASE DATA'!$F15&";",ROW($1:$99),1),";")),"",ROW($1:$99)),COLUMN(D14)+1)-SMALL(IF(ISERROR(SEARCH(MID(";"&'CASE DATA'!$F15&";",ROW($1:$99),1),";")),"",ROW($1:$99)),COLUMN(D14))-1)} | Z15: {=MID(";"&'CASE DATA'!$F15&";",SMALL(IF(ISERROR(SEARCH(MID(";"&'CASE DATA'!$F15&";",ROW($1:$99),1),";")),"",ROW($1:$99)+1),COLUMN(E15)),SMALL(IF(ISERROR(SEARCH(MID(";"&'CASE DATA'!$F15&";",ROW($1:$99),1),";")),"",ROW($1:$99)),COLUMN(E14)+1)-SMALL(IF(ISERROR(SEARCH(MID(";"&'CASE DATA'!$F15&";",ROW($1:$99),1),";")),"",ROW($1:$99)),COLUMN(E14))-1)} | AA15: {=MID(";"&'CASE DATA'!$F15&";",SMALL(IF(ISERROR(SEARCH(MID(";"&'CASE DATA'!$F15&";",ROW($1:$99),1),";")),"",ROW($1:$99)+1),COLUMN(F15)),SMALL(IF(ISERROR(SEARCH(MID(";"&'CASE DATA'!$F15&";",ROW($1:$99),1),";")),"",ROW($1:$99)),COLUMN(F14)+1)-SMALL(IF(ISERROR(SEARCH(MID(";"&'CASE DATA'!$F15&";",ROW($1:$99),1),";")),"",ROW($1:$99)),COLUMN(F14))-1)} | AB15: {=MID(";"&'CASE DATA'!$F15&";",SMALL(IF(ISERROR(SEARCH(MID(";"&'CASE DATA'!$F15&";",ROW($1:$99),1),";")),"",ROW($1:$99)+1),COLUMN(G15)),SMALL(IF(ISERROR(SEARCH(MID(";"&'CASE DATA'!$F15&";",ROW($1:$99),1),";")),"",ROW($1:$99)),COLUMN(G14)+1)-SMALL(IF(ISERROR(SEARCH(MID(";"&'CASE DATA'!$F15&";",ROW($1:$99),1),";")),"",ROW($1:$99)),COLUMN(G14))-1)} | AC15: {=MID(";"&'CASE DATA'!$F15&";",SMALL(IF(ISERROR(SEARCH(MID(";"&'CASE DATA'!$F15&";",ROW($1:$99),1),";")),"",ROW($1:$99)+1),COLUMN(H15)),SMALL(IF(ISERROR(SEARCH(MID(";"&'CASE DATA'!$F15&";",ROW($1:$99),1),";")),"",ROW($1:$99)),COLUMN(H14)+1)-SMALL(IF(ISERROR(SEARCH(MID(";"&'CASE DATA'!$F15&";",ROW($1:$99),1),";")),"",ROW($1:$99)),COLUMN(H14))-1)} | AD15: {=MID(";"&'CASE DATA'!$F15&";",SMALL(IF(ISERROR(SEARCH(MID(";"&'CASE DATA'!$F15&";",ROW($1:$99),1),";")),"",ROW($1:$99)+1),COLUMN(I15)),SMALL(IF(ISERROR(SEARCH(MID(";"&'CASE DATA'!$F15&";",ROW($1:$99),1),";")),"",ROW($1:$99)),COLUMN(I14)+1)-SMALL(IF(ISERROR(SEARCH(MID(";"&'CASE DATA'!$F15&";",ROW($1:$99),1),";")),"",ROW($1:$99)),COLUMN(I14))-1)} | AE15: {=MID(";"&'CASE DATA'!$F15&";",SMALL(IF(ISERROR(SEARCH(MID(";"&'CASE DATA'!$F15&";",ROW($1:$99),1),";")),"",ROW($1:$99)+1),COLUMN(J15)),SMALL(IF(ISERROR(SEARCH(MID(";"&'CASE DATA'!$F15&";",ROW($1:$99),1),";")),"",ROW($1:$99)),COLUMN(J14)+1)-SMALL(IF(ISERROR(SEARCH(MID(";"&'CASE DATA'!$F15&";",ROW($1:$99),1),";")),"",ROW($1:$99)),COLUMN(J14))-1)} | AF15: {=MID(";"&'CASE DATA'!$F15&";",SMALL(IF(ISERROR(SEARCH(MID(";"&'CASE DATA'!$F15&";",ROW($1:$99),1),";")),"",ROW($1:$99)+1),COLUMN(K15)),SMALL(IF(ISERROR(SEARCH(MID(";"&'CASE DATA'!$F15&";",ROW($1:$99),1),";")),"",ROW($1:$99)),COLUMN(K14)+1)-SMALL(IF(ISERROR(SEARCH(MID(";"&'CASE DATA'!$F15&";",ROW($1:$99),1),";")),"",ROW($1:$99)),COLUMN(K14))-1)} | ... AH15: {=MID(";"&'CASE DATA'!$F15&";",SMALL(IF(ISERROR(SEARCH(MID(";"&'CASE DATA'!$F15&";",ROW($1:$99),1),";")),"",ROW($1:$99)+1),COLUMN(M15)),SMALL(IF(ISERROR(SEARCH(MID(";"&'CASE DATA'!$F15&";",ROW($1:$99),1),";")),"",ROW($1:$99)),COLUMN(M14)+1)-SMALL(IF(ISERROR(SEARCH(MID(";"&'CASE DATA'!$F15&";",ROW($1:$99),1),";")),"",ROW($1:$99)),COLUMN(M14))-1)}
T16: =SUM(J16:S16) -> 0 | W16: {=MID(";"&'CASE DATA'!$F16&";",SMALL(IF(ISERROR(SEARCH(MID(";"&'CASE DATA'!$F16&";",ROW($1:$99),1),";")),"",ROW($1:$99)+1),COLUMN(A16)),SMALL(IF(ISERROR(SEARCH(MID(";"&'CASE DATA'!$F16&";",ROW($1:$99),1),";")),"",ROW($1:$99)),COLUMN(A15)+1)-SMALL(IF(ISERROR(SEARCH(MID(";"&'CASE DATA'!$F16&";",ROW($1:$99),1),";")),"",ROW($1:$99)),COLUMN(A15))-1)} | X16: {=MID(";"&'CASE DATA'!$F16&";",SMALL(IF(ISERROR(SEARCH(MID(";"&'CASE DATA'!$F16&";",ROW($1:$99),1),";")),"",ROW($1:$99)+1),COLUMN(B16)),SMALL(IF(ISERROR(SEARCH(MID(";"&'CASE DATA'!$F16&";",ROW($1:$99),1),";")),"",ROW($1:$99)),COLUMN(B15)+1)-SMALL(IF(ISERROR(SEARCH(MID(";"&'CASE DATA'!$F16&";",ROW($1:$99),1),";")),"",ROW($1:$99)),COLUMN(B15))-1)} | Y16: {=MID(";"&'CASE DATA'!$F16&";",SMALL(IF(ISERROR(SEARCH(MID(";"&'CASE DATA'!$F16&";",ROW($1:$99),1),";")),"",ROW($1:$99)+1),COLUMN(D16)),SMALL(IF(ISERROR(SEARCH(MID(";"&'CASE DATA'!$F16&";",ROW($1:$99),1),";")),"",ROW($1:$99)),COLUMN(D15)+1)-SMALL(IF(ISERROR(SEARCH(MID(";"&'CASE DATA'!$F16&";",ROW($1:$99),1),";")),"",ROW($1:$99)),COLUMN(D15))-1)} | Z16: {=MID(";"&'CASE DATA'!$F16&";",SMALL(IF(ISERROR(SEARCH(MID(";"&'CASE DATA'!$F16&";",ROW($1:$99),1),";")),"",ROW($1:$99)+1),COLUMN(E16)),SMALL(IF(ISERROR(SEARCH(MID(";"&'CASE DATA'!$F16&";",ROW($1:$99),1),";")),"",ROW($1:$99)),COLUMN(E15)+1)-SMALL(IF(ISERROR(SEARCH(MID(";"&'CASE DATA'!$F16&";",ROW($1:$99),1),";")),"",ROW($1:$99)),COLUMN(E15))-1)} | AA16: {=MID(";"&'CASE DATA'!$F16&";",SMALL(IF(ISERROR(SEARCH(MID(";"&'CASE DATA'!$F16&";",ROW($1:$99),1),";")),"",ROW($1:$99)+1),COLUMN(F16)),SMALL(IF(ISERROR(SEARCH(MID(";"&'CASE DATA'!$F16&";",ROW($1:$99),1),";")),"",ROW($1:$99)),COLUMN(F15)+1)-SMALL(IF(ISERROR(SEARCH(MID(";"&'CASE DATA'!$F16&";",ROW($1:$99),1),";")),"",ROW($1:$99)),COLUMN(F15))-1)} | AB16: {=MID(";"&'CASE DATA'!$F16&";",SMALL(IF(ISERROR(SEARCH(MID(";"&'CASE DATA'!$F16&";",ROW($1:$99),1),";")),"",ROW($1:$99)+1),COLUMN(G16)),SMALL(IF(ISERROR(SEARCH(MID(";"&'CASE DATA'!$F16&";",ROW($1:$99),1),";")),"",ROW($1:$99)),COLUMN(G15)+1)-SMALL(IF(ISERROR(SEARCH(MID(";"&'CASE DATA'!$F16&";",ROW($1:$99),1),";")),"",ROW($1:$99)),COLUMN(G15))-1)} | AC16: {=MID(";"&'CASE DATA'!$F16&";",SMALL(IF(ISERROR(SEARCH(MID(";"&'CASE DATA'!$F16&";",ROW($1:$99),1),";")),"",ROW($1:$99)+1),COLUMN(H16)),SMALL(IF(ISERROR(SEARCH(MID(";"&'CASE DATA'!$F16&";",ROW($1:$99),1),";")),"",ROW($1:$99)),COLUMN(H15)+1)-SMALL(IF(ISERROR(SEARCH(MID(";"&'CASE DATA'!$F16&";",ROW($1:$99),1),";")),"",ROW($1:$99)),COLUMN(H15))-1)} | AD16: {=MID(";"&'CASE DATA'!$F16&";",SMALL(IF(ISERROR(SEARCH(MID(";"&'CASE DATA'!$F16&";",ROW($1:$99),1),";")),"",ROW($1:$99)+1),COLUMN(I16)),SMALL(IF(ISERROR(SEARCH(MID(";"&'CASE DATA'!$F16&";",ROW($1:$99),1),";")),"",ROW($1:$99)),COLUMN(I15)+1)-SMALL(IF(ISERROR(SEARCH(MID(";"&'CASE DATA'!$F16&";",ROW($1:$99),1),";")),"",ROW($1:$99)),COLUMN(I15))-1)} | AE16: {=MID(";"&'CASE DATA'!$F16&";",SMALL(IF(ISERROR(SEARCH(MID(";"&'CASE DATA'!$F16&";",ROW($1:$99),1),";")),"",ROW($1:$99)+1),COLUMN(J16)),SMALL(IF(ISERROR(SEARCH(MID(";"&'CASE DATA'!$F16&";",ROW($1:$99),1),";")),"",ROW($1:$99)),COLUMN(J15)+1)-SMALL(IF(ISERROR(SEARCH(MID(";"&'CASE DATA'!$F16&";",ROW($1:$99),1),";")),"",ROW($1:$99)),COLUMN(J15))-1)} | AF16: {=MID(";"&'CASE DATA'!$F16&";",SMALL(IF(ISERROR(SEARCH(MID(";"&'CASE DATA'!$F16&";",ROW($1:$99),1),";")),"",ROW($1:$99)+1),COLUMN(K16)),SMALL(IF(ISERROR(SEARCH(MID(";"&'CASE DATA'!$F16&";",ROW($1:$99),1),";")),"",ROW($1:$99)),COLUMN(K15)+1)-SMALL(IF(ISERROR(SEARCH(MID(";"&'CASE DATA'!$F16&";",ROW($1:$99),1),";")),"",ROW($1:$99)),COLUMN(K15))-1)} | ... AH16: {=MID(";"&'CASE DATA'!$F16&";",SMALL(IF(ISERROR(SEARCH(MID(";"&'CASE DATA'!$F16&";",ROW($1:$99),1),";")),"",ROW($1:$99)+1),COLUMN(M16)),SMALL(IF(ISERROR(SEARCH(MID(";"&'CASE DATA'!$F16&";",ROW($1:$99),1),";")),"",ROW($1:$99)),COLUMN(M15)+1)-SMALL(IF(ISERROR(SEARCH(MID(";"&'CASE DATA'!$F16&";",ROW($1:$99),1),";")),"",ROW($1:$99)),COLUMN(M15))-1)}
T17: =SUM(J17:S17) -> 0 | W17: {=MID(";"&'CASE DATA'!$F17&";",SMALL(IF(ISERROR(SEARCH(MID(";"&'CASE DATA'!$F17&";",ROW($1:$99),1),";")),"",ROW($1:$99)+1),COLUMN(A17)),SMALL(IF(ISERROR(SEARCH(MID(";"&'CASE DATA'!$F17&";",ROW($1:$99),1),";")),"",ROW($1:$99)),COLUMN(A16)+1)-SMALL(IF(ISERROR(SEARCH(MID(";"&'CASE DATA'!$F17&";",ROW($1:$99),1),";")),"",ROW($1:$99)),COLUMN(A16))-1)} | X17: {=MID(";"&'CASE DATA'!$F17&";",SMALL(IF(ISERROR(SEARCH(MID(";"&'CASE DATA'!$F17&";",ROW($1:$99),1),";")),"",ROW($1:$99)+1),COLUMN(B17)),SMALL(IF(ISERROR(SEARCH(MID(";"&'CASE DATA'!$F17&";",ROW($1:$99),1),";")),"",ROW($1:$99)),COLUMN(B16)+1)-SMALL(IF(ISERROR(SEARCH(MID(";"&'CASE DATA'!$F17&";",ROW($1:$99),1),";")),"",ROW($1:$99)),COLUMN(B16))-1)} | Y17: {=MID(";"&'CASE DATA'!$F17&";",SMALL(IF(ISERROR(SEARCH(MID(";"&'CASE DATA'!$F17&";",ROW($1:$99),1),";")),"",ROW($1:$99)+1),COLUMN(D17)),SMALL(IF(ISERROR(SEARCH(MID(";"&'CASE DATA'!$F17&";",ROW($1:$99),1),";")),"",ROW($1:$99)),COLUMN(D16)+1)-SMALL(IF(ISERROR(SEARCH(MID(";"&'CASE DATA'!$F17&";",ROW($1:$99),1),";")),"",ROW($1:$99)),COLUMN(D16))-1)} | Z17: {=MID(";"&'CASE DATA'!$F17&";",SMALL(IF(ISERROR(SEARCH(MID(";"&'CASE DATA'!$F17&";",ROW($1:$99),1),";")),"",ROW($1:$99)+1),COLUMN(E17)),SMALL(IF(ISERROR(SEARCH(MID(";"&'CASE DATA'!$F17&";",ROW($1:$99),1),";")),"",ROW($1:$99)),COLUMN(E16)+1)-SMALL(IF(ISERROR(SEARCH(MID(";"&'CASE DATA'!$F17&";",ROW($1:$99),1),";")),"",ROW($1:$99)),COLUMN(E16))-1)} | AA17: {=MID(";"&'CASE DATA'!$F17&";",SMALL(IF(ISERROR(SEARCH(MID(";"&'CASE DATA'!$F17&";",ROW($1:$99),1),";")),"",ROW($1:$99)+1),COLUMN(F17)),SMALL(IF(ISERROR(SEARCH(MID(";"&'CASE DATA'!$F17&";",ROW($1:$99),1),";")),"",ROW($1:$99)),COLUMN(F16)+1)-SMALL(IF(ISERROR(SEARCH(MID(";"&'CASE DATA'!$F17&";",ROW($1:$99),1),";")),"",ROW($1:$99)),COLUMN(F16))-1)} | AB17: {=MID(";"&'CASE DATA'!$F17&";",SMALL(IF(ISERROR(SEARCH(MID(";"&'CASE DATA'!$F17&";",ROW($1:$99),1),";")),"",ROW($1:$99)+1),COLUMN(G17)),SMALL(IF(ISERROR(SEARCH(MID(";"&'CASE DATA'!$F17&";",ROW($1:$99),1),";")),"",ROW($1:$99)),COLUMN(G16)+1)-SMALL(IF(ISERROR(SEARCH(MID(";"&'CASE DATA'!$F17&";",ROW($1:$99),1),";")),"",ROW($1:$99)),COLUMN(G16))-1)} | AC17: {=MID(";"&'CASE DATA'!$F17&";",SMALL(IF(ISERROR(SEARCH(MID(";"&'CASE DATA'!$F17&";",ROW($1:$99),1),";")),"",ROW($1:$99)+1),COLUMN(H17)),SMALL(IF(ISERROR(SEARCH(MID(";"&'CASE DATA'!$F17&";",ROW($1:$99),1),";")),"",ROW($1:$99)),COLUMN(H16)+1)-SMALL(IF(ISERROR(SEARCH(MID(";"&'CASE DATA'!$F17&";",ROW($1:$99),1),";")),"",ROW($1:$99)),COLUMN(H16))-1)} | AD17: {=MID(";"&'CASE DATA'!$F17&";",SMALL(IF(ISERROR(SEARCH(MID(";"&'CASE DATA'!$F17&";",ROW($1:$99),1),";")),"",ROW($1:$99)+1),COLUMN(I17)),SMALL(IF(ISERROR(SEARCH(MID(";"&'CASE DATA'!$F17&";",ROW($1:$99),1),";")),"",ROW($1:$99)),COLUMN(I16)+1)-SMALL(IF(ISERROR(SEARCH(MID(";"&'CASE DATA'!$F17&";",ROW($1:$99),1),";")),"",ROW($1:$99)),COLUMN(I16))-1)} | AE17: {=MID(";"&'CASE DATA'!$F17&";",SMALL(IF(ISERROR(SEARCH(MID(";"&'CASE DATA'!$F17&";",ROW($1:$99),1),";")),"",ROW($1:$99)+1),COLUMN(J17)),SMALL(IF(ISERROR(SEARCH(MID(";"&'CASE DATA'!$F17&";",ROW($1:$99),1),";")),"",ROW($1:$99)),COLUMN(J16)+1)-SMALL(IF(ISERROR(SEARCH(MID(";"&'CASE DATA'!$F17&";",ROW($1:$99),1),";")),"",ROW($1:$99)),COLUMN(J16))-1)} | AF17: {=MID(";"&'CASE DATA'!$F17&";",SMALL(IF(ISERROR(SEARCH(MID(";"&'CASE DATA'!$F17&";",ROW($1:$99),1),";")),"",ROW($1:$99)+1),COLUMN(K17)),SMALL(IF(ISERROR(SEARCH(MID(";"&'CASE DATA'!$F17&";",ROW($1:$99),1),";")),"",ROW($1:$99)),COLUMN(K16)+1)-SMALL(IF(ISERROR(SEARCH(MID(";"&'CASE DATA'!$F17&";",ROW($1:$99),1),";")),"",ROW($1:$99)),COLUMN(K16))-1)} | ... AH17: {=MID(";"&'CASE DATA'!$F17&";",SMALL(IF(ISERROR(SEARCH(MID(";"&'CASE DATA'!$F17&";",ROW($1:$99),1),";")),"",ROW($1:$99)+1),COLUMN(M17)),SMALL(IF(ISERROR(SEARCH(MID(";"&'CASE DATA'!$F17&";",ROW($1:$99),1),";")),"",ROW($1:$99)),COLUMN(M16)+1)-SMALL(IF(ISERROR(SEARCH(MID(";"&'CASE DATA'!$F17&";",ROW($1:$99),1),";")),"",ROW($1:$99)),COLUMN(M16))-1)}
T18: =SUM(J18:S18) -> 0 | W18: {=MID(";"&'CASE DATA'!$F18&";",SMALL(IF(ISERROR(SEARCH(MID(";"&'CASE DATA'!$F18&";",ROW($1:$99),1),";")),"",ROW($1:$99)+1),COLUMN(A18)),SMALL(IF(ISERROR(SEARCH(MID(";"&'CASE DATA'!$F18&";",ROW($1:$99),1),";")),"",ROW($1:$99)),COLUMN(A17)+1)-SMALL(IF(ISERROR(SEARCH(MID(";"&'CASE DATA'!$F18&";",ROW($1:$99),1),";")),"",ROW($1:$99)),COLUMN(A17))-1)} | X18: {=MID(";"&'CASE DATA'!$F18&";",SMALL(IF(ISERROR(SEARCH(MID(";"&'CASE DATA'!$F18&";",ROW($1:$99),1),";")),"",ROW($1:$99)+1),COLUMN(B18)),SMALL(IF(ISERROR(SEARCH(MID(";"&'CASE DATA'!$F18&";",ROW($1:$99),1),";")),"",ROW($1:$99)),COLUMN(B17)+1)-SMALL(IF(ISERROR(SEARCH(MID(";"&'CASE DATA'!$F18&";",ROW($1:$99),1),";")),"",ROW($1:$99)),COLUMN(B17))-1)} | Y18: {=MID(";"&'CASE DATA'!$F18&";",SMALL(IF(ISERROR(SEARCH(MID(";"&'CASE DATA'!$F18&";",ROW($1:$99),1),";")),"",ROW($1:$99)+1),COLUMN(D18)),SMALL(IF(ISERROR(SEARCH(MID(";"&'CASE DATA'!$F18&";",ROW($1:$99),1),";")),"",ROW($1:$99)),COLUMN(D17)+1)-SMALL(IF(ISERROR(SEARCH(MID(";"&'CASE DATA'!$F18&";",ROW($1:$99),1),";")),"",ROW($1:$99)),COLUMN(D17))-1)} | Z18: {=MID(";"&'CASE DATA'!$F18&";",SMALL(IF(ISERROR(SEARCH(MID(";"&'CASE DATA'!$F18&";",ROW($1:$99),1),";")),"",ROW($1:$99)+1),COLUMN(E18)),SMALL(IF(ISERROR(SEARCH(MID(";"&'CASE DATA'!$F18&";",ROW($1:$99),1),";")),"",ROW($1:$99)),COLUMN(E17)+1)-SMALL(IF(ISERROR(SEARCH(MID(";"&'CASE DATA'!$F18&";",ROW($1:$99),1),";")),"",ROW($1:$99)),COLUMN(E17))-1)} | AA18: {=MID(";"&'CASE DATA'!$F18&";",SMALL(IF(ISERROR(SEARCH(MID(";"&'CASE DATA'!$F18&";",ROW($1:$99),1),";")),"",ROW($1:$99)+1),COLUMN(F18)),SMALL(IF(ISERROR(SEARCH(MID(";"&'CASE DATA'!$F18&";",ROW($1:$99),1),";")),"",ROW($1:$99)),COLUMN(F17)+1)-SMALL(IF(ISERROR(SEARCH(MID(";"&'CASE DATA'!$F18&";",ROW($1:$99),1),";")),"",ROW($1:$99)),COLUMN(F17))-1)} | AB18: {=MID(";"&'CASE DATA'!$F18&";",SMALL(IF(ISERROR(SEARCH(MID(";"&'CASE DATA'!$F18&";",ROW($1:$99),1),";")),"",ROW($1:$99)+1),COLUMN(G18)),SMALL(IF(ISERROR(SEARCH(MID(";"&'CASE DATA'!$F18&";",ROW($1:$99),1),";")),"",ROW($1:$99)),COLUMN(G17)+1)-SMALL(IF(ISERROR(SEARCH(MID(";"&'CASE DATA'!$F18&";",ROW($1:$99),1),";")),"",ROW($1:$99)),COLUMN(G17))-1)} | AC18: {=MID(";"&'CASE DATA'!$F18&";",SMALL(IF(ISERROR(SEARCH(MID(";"&'CASE DATA'!$F18&";",ROW($1:$99),1),";")),"",ROW($1:$99)+1),COLUMN(H18)),SMALL(IF(ISERROR(SEARCH(MID(";"&'CASE DATA'!$F18&";",ROW($1:$99),1),";")),"",ROW($1:$99)),COLUMN(H17)+1)-SMALL(IF(ISERROR(SEARCH(MID(";"&'CASE DATA'!$F18&";",ROW($1:$99),1),";")),"",ROW($1:$99)),COLUMN(H17))-1)} | AD18: {=MID(";"&'CASE DATA'!$F18&";",SMALL(IF(ISERROR(SEARCH(MID(";"&'CASE DATA'!$F18&";",ROW($1:$99),1),";")),"",ROW($1:$99)+1),COLUMN(I18)),SMALL(IF(ISERROR(SEARCH(MID(";"&'CASE DATA'!$F18&";",ROW($1:$99),1),";")),"",ROW($1:$99)),COLUMN(I17)+1)-SMALL(IF(ISERROR(SEARCH(MID(";"&'CASE DATA'!$F18&";",ROW($1:$99),1),";")),"",ROW($1:$99)),COLUMN(I17))-1)} | AE18: {=MID(";"&'CASE DATA'!$F18&";",SMALL(IF(ISERROR(SEARCH(MID(";"&'CASE DATA'!$F18&";",ROW($1:$99),1),";")),"",ROW($1:$99)+1),COLUMN(J18)),SMALL(IF(ISERROR(SEARCH(MID(";"&'CASE DATA'!$F18&";",ROW($1:$99),1),";")),"",ROW($1:$99)),COLUMN(J17)+1)-SMALL(IF(ISERROR(SEARCH(MID(";"&'CASE DATA'!$F18&";",ROW($1:$99),1),";")),"",ROW($1:$99)),COLUMN(J17))-1)} | AF18: {=MID(";"&'CASE DATA'!$F18&";",SMALL(IF(ISERROR(SEARCH(MID(";"&'CASE DATA'!$F18&";",ROW($1:$99),1),";")),"",ROW($1:$99)+1),COLUMN(K18)),SMALL(IF(ISERROR(SEARCH(MID(";"&'CASE DATA'!$F18&";",ROW($1:$99),1),";")),"",ROW($1:$99)),COLUMN(K17)+1)-SMALL(IF(ISERROR(SEARCH(MID(";"&'CASE DATA'!$F18&";",ROW($1:$99),1),";")),"",ROW($1:$99)),COLUMN(K17))-1)} | ... AH18: {=MID(";"&'CASE DATA'!$F18&";",SMALL(IF(ISERROR(SEARCH(MID(";"&'CASE DATA'!$F18&";",ROW($1:$99),1),";")),"",ROW($1:$99)+1),COLUMN(M18)),SMALL(IF(ISERROR(SEARCH(MID(";"&'CASE DATA'!$F18&";",ROW($1:$99),1),";")),"",ROW($1:$99)),COLUMN(M17)+1)-SMALL(IF(ISERROR(SEARCH(MID(";"&'CASE DATA'!$F18&";",ROW($1:$99),1),";")),"",ROW($1:$99)),COLUMN(M17))-1)}
T19: =SUM(J19:S19) -> 0 | W19: {=MID(";"&'CASE DATA'!$F19&";",SMALL(IF(ISERROR(SEARCH(MID(";"&'CASE DATA'!$F19&";",ROW($1:$99),1),";")),"",ROW($1:$99)+1),COLUMN(A19)),SMALL(IF(ISERROR(SEARCH(MID(";"&'CASE DATA'!$F19&";",ROW($1:$99),1),";")),"",ROW($1:$99)),COLUMN(A18)+1)-SMALL(IF(ISERROR(SEARCH(MID(";"&'CASE DATA'!$F19&";",ROW($1:$99),1),";")),"",ROW($1:$99)),COLUMN(A18))-1)} | X19: {=MID(";"&'CASE DATA'!$F19&";",SMALL(IF(ISERROR(SEARCH(MID(";"&'CASE DATA'!$F19&";",ROW($1:$99),1),";")),"",ROW($1:$99)+1),COLUMN(B19)),SMALL(IF(ISERROR(SEARCH(MID(";"&'CASE DATA'!$F19&";",ROW($1:$99),1),";")),"",ROW($1:$99)),COLUMN(B18)+1)-SMALL(IF(ISERROR(SEARCH(MID(";"&'CASE DATA'!$F19&";",ROW($1:$99),1),";")),"",ROW($1:$99)),COLUMN(B18))-1)} | Y19: {=MID(";"&'CASE DATA'!$F19&";",SMALL(IF(ISERROR(SEARCH(MID(";"&'CASE DATA'!$F19&";",ROW($1:$99),1),";")),"",ROW($1:$99)+1),COLUMN(D19)),SMALL(IF(ISERROR(SEARCH(MID(";"&'CASE DATA'!$F19&";",ROW($1:$99),1),";")),"",ROW($1:$99)),COLUMN(D18)+1)-SMALL(IF(ISERROR(SEARCH(MID(";"&'CASE DATA'!$F19&";",ROW($1:$99),1),";")),"",ROW($1:$99)),COLUMN(D18))-1)} | Z19: {=MID(";"&'CASE DATA'!$F19&";",SMALL(IF(ISERROR(SEARCH(MID(";"&'CASE DATA'!$F19&";",ROW($1:$99),1),";")),"",ROW($1:$99)+1),COLUMN(E19)),SMALL(IF(ISERROR(SEARCH(MID(";"&'CASE DATA'!$F19&";",ROW($1:$99),1),";")),"",ROW($1:$99)),COLUMN(E18)+1)-SMALL(IF(ISERROR(SEARCH(MID(";"&'CASE DATA'!$F19&";",ROW($1:$99),1),";")),"",ROW($1:$99)),COLUMN(E18))-1)} | AA19: {=MID(";"&'CASE DATA'!$F19&";",SMALL(IF(ISERROR(SEARCH(MID(";"&'CASE DATA'!$F19&";",ROW($1:$99),1),";")),"",ROW($1:$99)+1),COLUMN(F19)),SMALL(IF(ISERROR(SEARCH(MID(";"&'CASE DATA'!$F19&";",ROW($1:$99),1),";")),"",ROW($1:$99)),COLUMN(F18)+1)-SMALL(IF(ISERROR(SEARCH(MID(";"&'CASE DATA'!$F19&";",ROW($1:$99),1),";")),"",ROW($1:$99)),COLUMN(F18))-1)} | AB19: {=MID(";"&'CASE DATA'!$F19&";",SMALL(IF(ISERROR(SEARCH(MID(";"&'CASE DATA'!$F19&";",ROW($1:$99),1),";")),"",ROW($1:$99)+1),COLUMN(G19)),SMALL(IF(ISERROR(SEARCH(MID(";"&'CASE DATA'!$F19&";",ROW($1:$99),1),";")),"",ROW($1:$99)),COLUMN(G18)+1)-SMALL(IF(ISERROR(SEARCH(MID(";"&'CASE DATA'!$F19&";",ROW($1:$99),1),";")),"",ROW($1:$99)),COLUMN(G18))-1)} | AC19: {=MID(";"&'CASE DATA'!$F19&";",SMALL(IF(ISERROR(SEARCH(MID(";"&'CASE DATA'!$F19&";",ROW($1:$99),1),";")),"",ROW($1:$99)+1),COLUMN(H19)),SMALL(IF(ISERROR(SEARCH(MID(";"&'CASE DATA'!$F19&";",ROW($1:$99),1),";")),"",ROW($1:$99)),COLUMN(H18)+1)-SMALL(IF(ISERROR(SEARCH(MID(";"&'CASE DATA'!$F19&";",ROW($1:$99),1),";")),"",ROW($1:$99)),COLUMN(H18))-1)} | AD19: {=MID(";"&'CASE DATA'!$F19&";",SMALL(IF(ISERROR(SEARCH(MID(";"&'CASE DATA'!$F19&";",ROW($1:$99),1),";")),"",ROW($1:$99)+1),COLUMN(I19)),SMALL(IF(ISERROR(SEARCH(MID(";"&'CASE DATA'!$F19&";",ROW($1:$99),1),";")),"",ROW($1:$99)),COLUMN(I18)+1)-SMALL(IF(ISERROR(SEARCH(MID(";"&'CASE DATA'!$F19&";",ROW($1:$99),1),";")),"",ROW($1:$99)),COLUMN(I18))-1)} | AE19: {=MID(";"&'CASE DATA'!$F19&";",SMALL(IF(ISERROR(SEARCH(MID(";"&'CASE DATA'!$F19&";",ROW($1:$99),1),";")),"",ROW($1:$99)+1),COLUMN(J19)),SMALL(IF(ISERROR(SEARCH(MID(";"&'CASE DATA'!$F19&";",ROW($1:$99),1),";")),"",ROW($1:$99)),COLUMN(J18)+1)-SMALL(IF(ISERROR(SEARCH(MID(";"&'CASE DATA'!$F19&";",ROW($1:$99),1),";")),"",ROW($1:$99)),COLUMN(J18))-1)} | AF19: {=MID(";"&'CASE DATA'!$F19&";",SMALL(IF(ISERROR(SEARCH(MID(";"&'CASE DATA'!$F19&";",ROW($1:$99),1),";")),"",ROW($1:$99)+1),COLUMN(K19)),SMALL(IF(ISERROR(SEARCH(MID(";"&'CASE DATA'!$F19&";",ROW($1:$99),1),";")),"",ROW($1:$99)),COLUMN(K18)+1)-SMALL(IF(ISERROR(SEARCH(MID(";"&'CASE DATA'!$F19&";",ROW($1:$99),1),";")),"",ROW($1:$99)),COLUMN(K18))-1)} | ... AH19: {=MID(";"&'CASE DATA'!$F19&";",SMALL(IF(ISERROR(SEARCH(MID(";"&'CASE DATA'!$F19&";",ROW($1:$99),1),";")),"",ROW($1:$99)+1),COLUMN(M19)),SMALL(IF(ISERROR(SEARCH(MID(";"&'CASE DATA'!$F19&";",ROW($1:$99),1),";")),"",ROW($1:$99)),COLUMN(M18)+1)-SMALL(IF(ISERROR(SEARCH(MID(";"&'CASE DATA'!$F19&";",ROW($1:$99),1),";")),"",ROW($1:$99)),COLUMN(M18))-1)}
T20: =SUM(J20:S20) -> 0 | W20: {=MID(";"&'CASE DATA'!$F20&";",SMALL(IF(ISERROR(SEARCH(MID(";"&'CASE DATA'!$F20&";",ROW($1:$99),1),";")),"",ROW($1:$99)+1),COLUMN(A20)),SMALL(IF(ISERROR(SEARCH(MID(";"&'CASE DATA'!$F20&";",ROW($1:$99),1),";")),"",ROW($1:$99)),COLUMN(A19)+1)-SMALL(IF(ISERROR(SEARCH(MID(";"&'CASE DATA'!$F20&";",ROW($1:$99),1),";")),"",ROW($1:$99)),COLUMN(A19))-1)} | X20: {=MID(";"&'CASE DATA'!$F20&";",SMALL(IF(ISERROR(SEARCH(MID(";"&'CASE DATA'!$F20&";",ROW($1:$99),1),";")),"",ROW($1:$99)+1),COLUMN(B20)),SMALL(IF(ISERROR(SEARCH(MID(";"&'CASE DATA'!$F20&";",ROW($1:$99),1),";")),"",ROW($1:$99)),COLUMN(B19)+1)-SMALL(IF(ISERROR(SEARCH(MID(";"&'CASE DATA'!$F20&";",ROW($1:$99),1),";")),"",ROW($1:$99)),COLUMN(B19))-1)} | Y20: {=MID(";"&'CASE DATA'!$F20&";",SMALL(IF(ISERROR(SEARCH(MID(";"&'CASE DATA'!$F20&";",ROW($1:$99),1),";")),"",ROW($1:$99)+1),COLUMN(D20)),SMALL(IF(ISERROR(SEARCH(MID(";"&'CASE DATA'!$F20&";",ROW($1:$99),1),";")),"",ROW($1:$99)),COLUMN(D19)+1)-SMALL(IF(ISERROR(SEARCH(MID(";"&'CASE DATA'!$F20&";",ROW($1:$99),1),";")),"",ROW($1:$99)),COLUMN(D19))-1)} | Z20: {=MID(";"&'CASE DATA'!$F20&";",SMALL(IF(ISERROR(SEARCH(MID(";"&'CASE DATA'!$F20&";",ROW($1:$99),1),";")),"",ROW($1:$99)+1),COLUMN(E20)),SMALL(IF(ISERROR(SEARCH(MID(";"&'CASE DATA'!$F20&";",ROW($1:$99),1),";")),"",ROW($1:$99)),COLUMN(E19)+1)-SMALL(IF(ISERROR(SEARCH(MID(";"&'CASE DATA'!$F20&";",ROW($1:$99),1),";")),"",ROW($1:$99)),COLUMN(E19))-1)} | AA20: {=MID(";"&'CASE DATA'!$F20&";",SMALL(IF(ISERROR(SEARCH(MID(";"&'CASE DATA'!$F20&";",ROW($1:$99),1),";")),"",ROW($1:$99)+1),COLUMN(F20)),SMALL(IF(ISERROR(SEARCH(MID(";"&'CASE DATA'!$F20&";",ROW($1:$99),1),";")),"",ROW($1:$99)),COLUMN(F19)+1)-SMALL(IF(ISERROR(SEARCH(MID(";"&'CASE DATA'!$F20&";",ROW($1:$99),1),";")),"",ROW($1:$99)),COLUMN(F19))-1)} | AB20: {=MID(";"&'CASE DATA'!$F20&";",SMALL(IF(ISERROR(SEARCH(MID(";"&'CASE DATA'!$F20&";",ROW($1:$99),1),";")),"",ROW($1:$99)+1),COLUMN(G20)),SMALL(IF(ISERROR(SEARCH(MID(";"&'CASE DATA'!$F20&";",ROW($1:$99),1),";")),"",ROW($1:$99)),COLUMN(G19)+1)-SMALL(IF(ISERROR(SEARCH(MID(";"&'CASE DATA'!$F20&";",ROW($1:$99),1),";")),"",ROW($1:$99)),COLUMN(G19))-1)} | AC20: {=MID(";"&'CASE DATA'!$F20&";",SMALL(IF(ISERROR(SEARCH(MID(";"&'CASE DATA'!$F20&";",ROW($1:$99),1),";")),"",ROW($1:$99)+1),COLUMN(H20)),SMALL(IF(ISERROR(SEARCH(MID(";"&'CASE DATA'!$F20&";",ROW($1:$99),1),";")),"",ROW($1:$99)),COLUMN(H19)+1)-SMALL(IF(ISERROR(SEARCH(MID(";"&'CASE DATA'!$F20&";",ROW($1:$99),1),";")),"",ROW($1:$99)),COLUMN(H19))-1)} | AD20: {=MID(";"&'CASE DATA'!$F20&";",SMALL(IF(ISERROR(SEARCH(MID(";"&'CASE DATA'!$F20&";",ROW($1:$99),1),";")),"",ROW($1:$99)+1),COLUMN(I20)),SMALL(IF(ISERROR(SEARCH(MID(";"&'CASE DATA'!$F20&";",ROW($1:$99),1),";")),"",ROW($1:$99)),COLUMN(I19)+1)-SMALL(IF(ISERROR(SEARCH(MID(";"&'CASE DATA'!$F20&";",ROW($1:$99),1),";")),"",ROW($1:$99)),COLUMN(I19))-1)} | AE20: {=MID(";"&'CASE DATA'!$F20&";",SMALL(IF(ISERROR(SEARCH(MID(";"&'CASE DATA'!$F20&";",ROW($1:$99),1),";")),"",ROW($1:$99)+1),COLUMN(J20)),SMALL(IF(ISERROR(SEARCH(MID(";"&'CASE DATA'!$F20&";",ROW($1:$99),1),";")),"",ROW($1:$99)),COLUMN(J19)+1)-SMALL(IF(ISERROR(SEARCH(MID(";"&'CASE DATA'!$F20&";",ROW($1:$99),1),";")),"",ROW($1:$99)),COLUMN(J19))-1)} | AF20: {=MID(";"&'CASE DATA'!$F20&";",SMALL(IF(ISERROR(SEARCH(MID(";"&'CASE DATA'!$F20&";",ROW($1:$99),1),";")),"",ROW($1:$99)+1),COLUMN(K20)),SMALL(IF(ISERROR(SEARCH(MID(";"&'CASE DATA'!$F20&";",ROW($1:$99),1),";")),"",ROW($1:$99)),COLUMN(K19)+1)-SMALL(IF(ISERROR(SEARCH(MID(";"&'CASE DATA'!$F20&";",ROW($1:$99),1),";")),"",ROW($1:$99)),COLUMN(K19))-1)} | ... AH20: {=MID(";"&'CASE DATA'!$F20&";",SMALL(IF(ISERROR(SEARCH(MID(";"&'CASE DATA'!$F20&";",ROW($1:$99),1),";")),"",ROW($1:$99)+1),COLUMN(M20)),SMALL(IF(ISERROR(SEARCH(MID(";"&'CASE DATA'!$F20&";",ROW($1:$99),1),";")),"",ROW($1:$99)),COLUMN(M19)+1)-SMALL(IF(ISERROR(SEARCH(MID(";"&'CASE DATA'!$F20&";",ROW($1:$99),1),";")),"",ROW($1:$99)),COLUMN(M19))-1)}
T21: =SUM(J21:S21) -> 0 | W21: {=MID(";"&'CASE DATA'!$F21&";",SMALL(IF(ISERROR(SEARCH(MID(";"&'CASE DATA'!$F21&";",ROW($1:$99),1),";")),"",ROW($1:$99)+1),COLUMN(A21)),SMALL(IF(ISERROR(SEARCH(MID(";"&'CASE DATA'!$F21&";",ROW($1:$99),1),";")),"",ROW($1:$99)),COLUMN(A20)+1)-SMALL(IF(ISERROR(SEARCH(MID(";"&'CASE DATA'!$F21&";",ROW($1:$99),1),";")),"",ROW($1:$99)),COLUMN(A20))-1)} | X21: {=MID(";"&'CASE DATA'!$F21&";",SMALL(IF(ISERROR(SEARCH(MID(";"&'CASE DATA'!$F21&";",ROW($1:$99),1),";")),"",ROW($1:$99)+1),COLUMN(B21)),SMALL(IF(ISERROR(SEARCH(MID(";"&'CASE DATA'!$F21&";",ROW($1:$99),1),";")),"",ROW($1:$99)),COLUMN(B20)+1)-SMALL(IF(ISERROR(SEARCH(MID(";"&'CASE DATA'!$F21&";",ROW($1:$99),1),";")),"",ROW($1:$99)),COLUMN(B20))-1)} | Y21: {=MID(";"&'CASE DATA'!$F21&";",SMALL(IF(ISERROR(SEARCH(MID(";"&'CASE DATA'!$F21&";",ROW($1:$99),1),";")),"",ROW($1:$99)+1),COLUMN(D21)),SMALL(IF(ISERROR(SEARCH(MID(";"&'CASE DATA'!$F21&";",ROW($1:$99),1),";")),"",ROW($1:$99)),COLUMN(D20)+1)-SMALL(IF(ISERROR(SEARCH(MID(";"&'CASE DATA'!$F21&";",ROW($1:$99),1),";")),"",ROW($1:$99)),COLUMN(D20))-1)} | Z21: {=MID(";"&'CASE DATA'!$F21&";",SMALL(IF(ISERROR(SEARCH(MID(";"&'CASE DATA'!$F21&";",ROW($1:$99),1),";")),"",ROW($1:$99)+1),COLUMN(E21)),SMALL(IF(ISERROR(SEARCH(MID(";"&'CASE DATA'!$F21&";",ROW($1:$99),1),";")),"",ROW($1:$99)),COLUMN(E20)+1)-SMALL(IF(ISERROR(SEARCH(MID(";"&'CASE DATA'!$F21&";",ROW($1:$99),1),";")),"",ROW($1:$99)),COLUMN(E20))-1)} | AA21: {=MID(";"&'CASE DATA'!$F21&";",SMALL(IF(ISERROR(SEARCH(MID(";"&'CASE DATA'!$F21&";",ROW($1:$99),1),";")),"",ROW($1:$99)+1),COLUMN(F21)),SMALL(IF(ISERROR(SEARCH(MID(";"&'CASE DATA'!$F21&";",ROW($1:$99),1),";")),"",ROW($1:$99)),COLUMN(F20)+1)-SMALL(IF(ISERROR(SEARCH(MID(";"&'CASE DATA'!$F21&";",ROW($1:$99),1),";")),"",ROW($1:$99)),COLUMN(F20))-1)} | AB21: {=MID(";"&'CASE DATA'!$F21&";",SMALL(IF(ISERROR(SEARCH(MID(";"&'CASE DATA'!$F21&";",ROW($1:$99),1),";")),"",ROW($1:$99)+1),COLUMN(G21)),SMALL(IF(ISERROR(SEARCH(MID(";"&'CASE DATA'!$F21&";",ROW($1:$99),1),";")),"",ROW($1:$99)),COLUMN(G20)+1)-SMALL(IF(ISERROR(SEARCH(MID(";"&'CASE DATA'!$F21&";",ROW($1:$99),1),";")),"",ROW($1:$99)),COLUMN(G20))-1)} | AC21: {=MID(";"&'CASE DATA'!$F21&";",SMALL(IF(ISERROR(SEARCH(MID(";"&'CASE DATA'!$F21&";",ROW($1:$99),1),";")),"",ROW($1:$99)+1),COLUMN(H21)),SMALL(IF(ISERROR(SEARCH(MID(";"&'CASE DATA'!$F21&";",ROW($1:$99),1),";")),"",ROW($1:$99)),COLUMN(H20)+1)-SMALL(IF(ISERROR(SEARCH(MID(";"&'CASE DATA'!$F21&";",ROW($1:$99),1),";")),"",ROW($1:$99)),COLUMN(H20))-1)} | AD21: {=MID(";"&'CASE DATA'!$F21&";",SMALL(IF(ISERROR(SEARCH(MID(";"&'CASE DATA'!$F21&";",ROW($1:$99),1),";")),"",ROW($1:$99)+1),COLUMN(I21)),SMALL(IF(ISERROR(SEARCH(MID(";"&'CASE DATA'!$F21&";",ROW($1:$99),1),";")),"",ROW($1:$99)),COLUMN(I20)+1)-SMALL(IF(ISERROR(SEARCH(MID(";"&'CASE DATA'!$F21&";",ROW($1:$99),1),";")),"",ROW($1:$99)),COLUMN(I20))-1)} | AE21: {=MID(";"&'CASE DATA'!$F21&";",SMALL(IF(ISERROR(SEARCH(MID(";"&'CASE DATA'!$F21&";",ROW($1:$99),1),";")),"",ROW($1:$99)+1),COLUMN(J21)),SMALL(IF(ISERROR(SEARCH(MID(";"&'CASE DATA'!$F21&";",ROW($1:$99),1),";")),"",ROW($1:$99)),COLUMN(J20)+1)-SMALL(IF(ISERROR(SEARCH(MID(";"&'CASE DATA'!$F21&";",ROW($1:$99),1),";")),"",ROW($1:$99)),COLUMN(J20))-1)} | AF21: {=MID(";"&'CASE DATA'!$F21&";",SMALL(IF(ISERROR(SEARCH(MID(";"&'CASE DATA'!$F21&";",ROW($1:$99),1),";")),"",ROW($1:$99)+1),COLUMN(K21)),SMALL(IF(ISERROR(SEARCH(MID(";"&'CASE DATA'!$F21&";",ROW($1:$99),1),";")),"",ROW($1:$99)),COLUMN(K20)+1)-SMALL(IF(ISERROR(SEARCH(MID(";"&'CASE DATA'!$F21&";",ROW($1:$99),1),";")),"",ROW($1:$99)),COLUMN(K20))-1)} | ... AH21: {=MID(";"&'CASE DATA'!$F21&";",SMALL(IF(ISERROR(SEARCH(MID(";"&'CASE DATA'!$F21&";",ROW($1:$99),1),";")),"",ROW($1:$99)+1),COLUMN(M21)),SMALL(IF(ISERROR(SEARCH(MID(";"&'CASE DATA'!$F21&";",ROW($1:$99),1),";")),"",ROW($1:$99)),COLUMN(M20)+1)-SMALL(IF(ISERROR(SEARCH(MID(";"&'CASE DATA'!$F21&";",ROW($1:$99),1),";")),"",ROW($1:$99)),COLUMN(M20))-1)}
... T300: =SUM(J300:S300) -> 0 | W300: {=MID(";"&'CASE DATA'!$F300&";",SMALL(IF(ISERROR(SEARCH(MID(";"&'CASE DATA'!$F300&";",ROW($1:$99),1),";")),"",ROW($1:$99)+1),COLUMN(A300)),SMALL(IF(ISERROR(SEARCH(MID(";"&'CASE DATA'!$F300&";",ROW($1:$99),1),";")),"",ROW($1:$99)),COLUMN(A299)+1)-SMALL(IF(ISERROR(SEARCH(MID(";"&'CASE DATA'!$F300&";",ROW($1:$99),1),";")),"",ROW($1:$99)),COLUMN(A299))-1)} | X300: {=MID(";"&'CASE DATA'!$F300&";",SMALL(IF(ISERROR(SEARCH(MID(";"&'CASE DATA'!$F300&";",ROW($1:$99),1),";")),"",ROW($1:$99)+1),COLUMN(B300)),SMALL(IF(ISERROR(SEARCH(MID(";"&'CASE DATA'!$F300&";",ROW($1:$99),1),";")),"",ROW($1:$99)),COLUMN(B299)+1)-SMALL(IF(ISERROR(SEARCH(MID(";"&'CASE DATA'!$F300&";",ROW($1:$99),1),";")),"",ROW($1:$99)),COLUMN(B299))-1)} | Y300: {=MID(";"&'CASE DATA'!$F300&";",SMALL(IF(ISERROR(SEARCH(MID(";"&'CASE DATA'!$F300&";",ROW($1:$99),1),";")),"",ROW($1:$99)+1),COLUMN(D300)),SMALL(IF(ISERROR(SEARCH(MID(";"&'CASE DATA'!$F300&";",ROW($1:$99),1),";")),"",ROW($1:$99)),COLUMN(D299)+1)-SMALL(IF(ISERROR(SEARCH(MID(";"&'CASE DATA'!$F300&";",ROW($1:$99),1),";")),"",ROW($1:$99)),COLUMN(D299))-1)} | Z300: {=MID(";"&'CASE DATA'!$F300&";",SMALL(IF(ISERROR(SEARCH(MID(";"&'CASE DATA'!$F300&";",ROW($1:$99),1),";")),"",ROW($1:$99)+1),COLUMN(E300)),SMALL(IF(ISERROR(SEARCH(MID(";"&'CASE DATA'!$F300&";",ROW($1:$99),1),";")),"",ROW($1:$99)),COLUMN(E299)+1)-SMALL(IF(ISERROR(SEARCH(MID(";"&'CASE DATA'!$F300&";",ROW($1:$99),1),";")),"",ROW($1:$99)),COLUMN(E299))-1)} | AA300: {=MID(";"&'CASE DATA'!$F300&";",SMALL(IF(ISERROR(SEARCH(MID(";"&'CASE DATA'!$F300&";",ROW($1:$99),1),";")),"",ROW($1:$99)+1),COLUMN(F300)),SMALL(IF(ISERROR(SEARCH(MID(";"&'CASE DATA'!$F300&";",ROW($1:$99),1),";")),"",ROW($1:$99)),COLUMN(F299)+1)-SMALL(IF(ISERROR(SEARCH(MID(";"&'CASE DATA'!$F300&";",ROW($1:$99),1),";")),"",ROW($1:$99)),COLUMN(F299))-1)} | AB300: {=MID(";"&'CASE DATA'!$F300&";",SMALL(IF(ISERROR(SEARCH(MID(";"&'CASE DATA'!$F300&";",ROW($1:$99),1),";")),"",ROW($1:$99)+1),COLUMN(G300)),SMALL(IF(ISERROR(SEARCH(MID(";"&'CASE DATA'!$F300&";",ROW($1:$99),1),";")),"",ROW($1:$99)),COLUMN(G299)+1)-SMALL(IF(ISERROR(SEARCH(MID(";"&'CASE DATA'!$F300&";",ROW($1:$99),1),";")),"",ROW($1:$99)),COLUMN(G299))-1)} | AC300: {=MID(";"&'CASE DATA'!$F300&";",SMALL(IF(ISERROR(SEARCH(MID(";"&'CASE DATA'!$F300&";",ROW($1:$99),1),";")),"",ROW($1:$99)+1),COLUMN(H300)),SMALL(IF(ISERROR(SEARCH(MID(";"&'CASE DATA'!$F300&";",ROW($1:$99),1),";")),"",ROW($1:$99)),COLUMN(H299)+1)-SMALL(IF(ISERROR(SEARCH(MID(";"&'CASE DATA'!$F300&";",ROW($1:$99),1),";")),"",ROW($1:$99)),COLUMN(H299))-1)} | AD300: {=MID(";"&'CASE DATA'!$F300&";",SMALL(IF(ISERROR(SEARCH(MID(";"&'CASE DATA'!$F300&";",ROW($1:$99),1),";")),"",ROW($1:$99)+1),COLUMN(I300)),SMALL(IF(ISERROR(SEARCH(MID(";"&'CASE DATA'!$F300&";",ROW($1:$99),1),";")),"",ROW($1:$99)),COLUMN(I299)+1)-SMALL(IF(ISERROR(SEARCH(MID(";"&'CASE DATA'!$F300&";",ROW($1:$99),1),";")),"",ROW($1:$99)),COLUMN(I299))-1)} | AE300: {=MID(";"&'CASE DATA'!$F300&";",SMALL(IF(ISERROR(SEARCH(MID(";"&'CASE DATA'!$F300&";",ROW($1:$99),1),";")),"",ROW($1:$99)+1),COLUMN(J300)),SMALL(IF(ISERROR(SEARCH(MID(";"&'CASE DATA'!$F300&";",ROW($1:$99),1),";")),"",ROW($1:$99)),COLUMN(J299)+1)-SMALL(IF(ISERROR(SEARCH(MID(";"&'CASE DATA'!$F300&";",ROW($1:$99),1),";")),"",ROW($1:$99)),COLUMN(J299))-1)} | AF300: {=MID(";"&'CASE DATA'!$F300&";",SMALL(IF(ISERROR(SEARCH(MID(";"&'CASE DATA'!$F300&";",ROW($1:$99),1),";")),"",ROW($1:$99)+1),COLUMN(K300)),SMALL(IF(ISERROR(SEARCH(MID(";"&'CASE DATA'!$F300&";",ROW($1:$99),1),";")),"",ROW($1:$99)),COLUMN(K299)+1)-SMALL(IF(ISERROR(SEARCH(MID(";"&'CASE DATA'!$F300&";",ROW($1:$99),1),";")),"",ROW($1:$99)),COLUMN(K299))-1)} | ... AH300: {=MID(";"&'CASE DATA'!$F300&";",SMALL(IF(ISERROR(SEARCH(MID(";"&'CASE DATA'!$F300&";",ROW($1:$99),1),";")),"",ROW($1:$99)+1),COLUMN(M300)),SMALL(IF(ISERROR(SEARCH(MID(";"&'CASE DATA'!$F300&";",ROW($1:$99),1),";")),"",ROW($1:$99)),COLUMN(M299)+1)-SMALL(IF(ISERROR(SEARCH(MID(";"&'CASE DATA'!$F300&";",ROW($1:$99),1),";")),"",ROW($1:$99)),COLUMN(M299))-1)}
B1048576: Black Hawk

Sheet EXPUNGEMENT & 910.7
A1: BASIC INFO | D1: 910.7 remission | E1: JUVENILE (232.150) | I1: DISMISSAL / ACQUITTAL (901C.2) | L1: MISDEMEANOR CONVICTION (901C.3) | S1: DEFERRED (907) | W1: PUB INTX & PAULA (123.46 & 123.47) NOTE: will not detect local ordinance cases | Z1: PROSTITUTION (725.1)
A2: CASE# | B2: ADJUDICATED CHARGE | C2: ADJ DATE | D2: Amount of debt subject to 910.7? | E2: JUV? | F2: SUBSEQUENT CONVCTION? (check level) | G2: POSSIBLE PENDING CHARGES | H2: 2 YRS AFT LAST CASE ACT & AGE 18 ? | I2: DISM ACQ? | J2: COURT DEBT (all dismissal debt dischargeable) | K2: TIME ELAPSED? | L2: MISD OR FELONY? | M2: ELIGIBLE ADJ (EXCEPT CDL) | N2: POSSIBLE PENDING CHARGES | O2: DISCHARGEABLE DEBT | P2: TIME BARRED DEBT | Q2: TOTAL DEBT | R2: TIME ELAPSED | S2: DEF JMT? | T2: SUPERVISION | U2: DISCHARGEABLE DEBT | V2: TOTAL DEBT | W2: PUB INTX OR PAULA? | X2: # of possible Subsequent Conv in 2 years? (check level) | Y2: 2 YRS? | Z2: 725.1? | AA2: 2 YRS? | AB2: < 18 YRS AT TIME OF CHG? | AC2: # of possible Subsequent Conv in 2 years? (check level)
A3: =IF('CASE DATA'!A4="","z",'CASE DATA'!A4) -> z | B3: =IF('CASE DATA'!A4="","",'CASE DATA'!E4) | C3: ='CASE DATA'!D4 -> 0 | D3: =IF('CASE DATA'!I4="YES",SUM('CASE DATA'!J4:P4),"n/a") -> n/a | E3: =IF(OR('CASE DATA'!G4="JUV", 'CASE DATA'!G5="JWV"), "YES", "NO") -> NO | F3: {=IF(E3="YES",IF(SUM(COUNTIF('CASE DATA'!$G$4:$G$200, {"GTR","GPL","DEF","JUV"}))>0, "YES","NO"),"N/A")} -> N/A | G3: =IF(E3="YES",IF(COUNTIF('CASE DATA'!$D$4:$D$200, "")-COUNTIF('CASE DATA'!$A$4:$A$200, "")>0, "YES","NO"),"N/A") -> N/A | H3: =_xlfn.IFS(E3="NO", "N/A", AND('BASIC INFO'!$B$3>'BASIC INFO'!$B$6+6574.5, C3+730.5<'BASIC INFO'!$B$3), "YES", 'BASIC INFO'!$B$3<('BASIC INFO'!$B$6+6574.5), "NOT YET 18", C3+730.5>'BASIC INFO'!$B$3, "NOT YET 2 YEARS") -> N/A | I3: =IF(OR(AND(LEFT('CASE DATA'!F4,4)="321.",MID('CASE DATA'!A4,8,2)="SM"),MID('CASE DATA'!A4,8,2)="ST",MID('CASE DATA'!A4,8,2)="NT"),"TRAFFIC",IF(OR('CASE DATA'!G4="DISM", 'CASE DATA'!G4="ACQ", 'CASE DATA'!G4="NOTF", 'CASE DATA'!G4="WTHD", 'CASE DATA'!G4="TNSF"), "YES", "NO")) -> NO | J3: =IF(I3="YES",'CASE DATA'!T4,"N/A") -> N/A | K3: =IF(I3="YES",IF(C3+180<'BASIC INFO'!$B$3, "YES", "NO"),"N/A") -> N/A | L3: {=IF(I3="TRAFFIC","n/a",IF(OR('CASE DATA'!G4="GTR", 'CASE DATA'!G4="GPL"),IF(SUM(COUNTIF('CASE DATA'!W4:AH4, 'CODE SECTIONS'!$V$2:$V$218&"*"))>0,"felony","eligible"),"n/a"))} -> n/a | M3: {=IF(L3="eligible",IF(OR((SUM(COUNTIF('CASE DATA'!W4:AH4,'CODE SECTIONS'!$X$2:$X$19&"*"))>0),LEFT('CASE DATA'!W4:AH4,4)="717C", LEFT('CASE DATA'!W4:AH4, 3)="719", LEFT('CASE DATA'!W4:AH4,3)="720", LEFT('CASE DATA'!W4:AH4,3)="724", LEFT('CASE DATA'!W4:AH4,3)="726", LEFT('CASE DATA'!W4:AH4,3)="728", LEFT('CASE DATA'!W4:AH4,4)="901A"), "ineligible misd","eligible"),"n/a")} -> n/a | N3: =IF(M3="eligible",IF(COUNTIF('CASE DATA'!$D$4:$D$200, "")-COUNTIF('CASE DATA'!$A$4:$A$200, "")>0, "YES","NO"),"N/A") -> N/A | O3: =IF(M3="eligible",BANKRUPTCY!C4+BANKRUPTCY!D4,"N/A") -> N/A | P3: =IF(M3="eligible",SOL!C4+SOL!D4+SOL!E4,"N/A") -> N/A | Q3: =IF(M3="eligible",SUM('CASE DATA'!J4:S4),"N/A") -> N/A | R3: =IF(M3="eligible",IF(C3+2920<'BASIC INFO'!$B$3, "YES", "NO"),"N/A") -> N/A | S3: =IF(OR('CASE DATA'!G4="DEF"), "YES", "NO") -> NO | T3: =IF(S3="YES",'CASE DATA'!I4,"N/A") -> N/A | U3: =IF(S3="YES",BANKRUPTCY!C4+BANKRUPTCY!D4,"N/A") -> N/A | V3: =IF(S3="YES",SUM('CASE DATA'!J4:S4),"N/A") -> N/A | W3: =IF(OR('CASE DATA'!F4="123.46",'CASE DATA'!F4="123.47"),"YES","NO") -> NO | X3: =IF(W3="YES",COUNTIFS(AD$3:$AD$200,">"&('CASE DATA'!D4),$AD$3:$AD$200,"<"&('CASE DATA'!D4+730.5)),"n/a") -> n/a | Y3: =IF(W3="YES",IF(C3+730.5<'BASIC INFO'!$B$3, "YES","NO"), "N/A") -> N/A | Z3: =IF('CASE DATA'!F4="725.1","YES","NO") -> NO | AA3: =IF(Z3="YES",IF(C3+730.5<'BASIC INFO'!$B$3, "YES","NO"), "N/A") -> N/A | AB3: =IF('BASIC INFO'!$B$6+6574.5>C3, "YES", "NO") -> YES | AC3: =IF(Z3="YES",COUNTIFS(AD$3:$AD$200,">"&('CASE DATA'!D4),$AD$3:$AD$200,"<"&('CASE DATA'!D4+730.5)),"n/a") -> n/a
A4: =IF('CASE DATA'!A5="","z",'CASE DATA'!A5) -> z | B4: =IF('CASE DATA'!A5="","",'CASE DATA'!E5) | C4: ='CASE DATA'!D5 -> 0 | D4: =IF('CASE DATA'!I5="YES",SUM('CASE DATA'!J5:P5),"n/a") -> n/a | E4: =IF(OR('CASE DATA'!G5="JUV", 'CASE DATA'!G5="JWV"), "YES", "NO") -> NO | F4: {=IF(E4="YES",IF(SUM(COUNTIF('CASE DATA'!$G$4:$G$200, {"GTR","GPL","DEF","JUV"}))>0, "YES","NO"),"N/A")} -> N/A | G4: =IF(E4="YES",IF(COUNTIF('CASE DATA'!$D$4:$D$200, "")-COUNTIF('CASE DATA'!$A$4:$A$200, "")>0, "YES","NO"),"N/A") -> N/A | H4: =_xlfn.IFS(E4="NO", "N/A", AND('BASIC INFO'!$B$3>'BASIC INFO'!$B$6+6574.5, C4+730.5<'BASIC INFO'!$B$3), "YES", 'BASIC INFO'!$B$3<('BASIC INFO'!$B$6+6574.5), "NOT YET 18", C4+730.5>'BASIC INFO'!$B$3, "NOT YET 2 YEARS") -> N/A | I4: =IF(OR(AND(LEFT('CASE DATA'!F5,4)="321.",MID('CASE DATA'!A5,8,2)="SM"),MID('CASE DATA'!A5,8,2)="ST",MID('CASE DATA'!A5,8,2)="NT"),"TRAFFIC",IF(OR('CASE DATA'!G5="DISM", 'CASE DATA'!G5="ACQ", 'CASE DATA'!G5="NOTF", 'CASE DATA'!G5="WTHD", 'CASE DATA'!G5="TNSF"), "YES", "NO")) -> NO | J4: =IF(I4="YES",'CASE DATA'!T5,"N/A") -> N/A | K4: =IF(I4="YES",IF(C4+180<'BASIC INFO'!$B$3, "YES", "NO"),"N/A") -> N/A | L4: {=IF(I4="TRAFFIC","n/a",IF(OR('CASE DATA'!G5="GTR", 'CASE DATA'!G5="GPL"),IF(SUM(COUNTIF('CASE DATA'!W5:AH5, 'CODE SECTIONS'!$V$2:$V$218&"*"))>0,"felony","eligible"),"n/a"))} -> n/a | M4: {=IF(L4="eligible",IF(OR((SUM(COUNTIF('CASE DATA'!W5:AH5,'CODE SECTIONS'!$X$2:$X$19&"*"))>0),LEFT('CASE DATA'!W5:AH5,4)="717C", LEFT('CASE DATA'!W5:AH5, 3)="719", LEFT('CASE DATA'!W5:AH5,3)="720", LEFT('CASE DATA'!W5:AH5,3)="724", LEFT('CASE DATA'!W5:AH5,3)="726", LEFT('CASE DATA'!W5:AH5,3)="728", LEFT('CASE DATA'!W5:AH5,4)="901A"), "ineligible misd","eligible"),"n/a")} -> n/a | N4: =IF(M4="eligible",IF(COUNTIF('CASE DATA'!$D$4:$D$200, "")-COUNTIF('CASE DATA'!$A$4:$A$200, "")>0, "YES","NO"),"N/A") -> N/A | O4: =IF(M4="eligible",BANKRUPTCY!C5+BANKRUPTCY!D5,"N/A") -> N/A | P4: =IF(M4="eligible",SOL!C5+SOL!D5+SOL!E5,"N/A") -> N/A | Q4: =IF(M4="eligible",SUM('CASE DATA'!J5:S5),"N/A") -> N/A | R4: =IF(M4="eligible",IF(C4+2920<'BASIC INFO'!$B$3, "YES", "NO"),"N/A") -> N/A | S4: =IF(OR('CASE DATA'!G5="DEF"), "YES", "NO") -> NO | T4: =IF(S4="YES",'CASE DATA'!I5,"N/A") -> N/A | U4: =IF(S4="YES",BANKRUPTCY!C5+BANKRUPTCY!D5,"N/A") -> N/A | V4: =IF(S4="YES",SUM('CASE DATA'!J5:S5),"N/A") -> N/A | W4: =IF(OR('CASE DATA'!F5="123.46",'CASE DATA'!F5="123.47"),"YES","NO") -> NO | X4: =IF(W4="YES",COUNTIFS(AD$3:$AD$200,">"&('CASE DATA'!D5),$AD$3:$AD$200,"<"&('CASE DATA'!D5+730.5)),"n/a") -> n/a | Y4: =IF(W4="YES",IF(C4+730.5<'BASIC INFO'!$B$3, "YES","NO"), "N/A") -> N/A | Z4: =IF('CASE DATA'!F5="725.1","YES","NO") -> NO | AA4: =IF(Z4="YES",IF(C4+730.5<'BASIC INFO'!$B$3, "YES","NO"), "N/A") -> N/A | AB4: =IF('BASIC INFO'!$B$6+6574.5>C4, "YES", "NO") -> YES | AC4: =IF(Z4="YES",COUNTIFS(AD$3:$AD$200,">"&('CASE DATA'!D5),$AD$3:$AD$200,"<"&('CASE DATA'!D5+730.5)),"n/a") -> n/a
A5: =IF('CASE DATA'!A6="","z",'CASE DATA'!A6) -> z | B5: =IF('CASE DATA'!A6="","",'CASE DATA'!E6) | C5: ='CASE DATA'!D6 -> 0 | D5: =IF('CASE DATA'!I6="YES",SUM('CASE DATA'!J6:P6),"n/a") -> n/a | E5: =IF(OR('CASE DATA'!G6="JUV", 'CASE DATA'!G6="JWV"), "YES", "NO") -> NO | F5: {=IF(E5="YES",IF(SUM(COUNTIF('CASE DATA'!$G$4:$G$200, {"GTR","GPL","DEF","JUV"}))>0, "YES","NO"),"N/A")} -> N/A | G5: =IF(E5="YES",IF(COUNTIF('CASE DATA'!$D$4:$D$200, "")-COUNTIF('CASE DATA'!$A$4:$A$200, "")>0, "YES","NO"),"N/A") -> N/A | H5: =_xlfn.IFS(E5="NO", "N/A", AND('BASIC INFO'!$B$3>'BASIC INFO'!$B$6+6574.5, C5+730.5<'BASIC INFO'!$B$3), "YES", 'BASIC INFO'!$B$3<('BASIC INFO'!$B$6+6574.5), "NOT YET 18", C5+730.5>'BASIC INFO'!$B$3, "NOT YET 2 YEARS") -> N/A | I5: =IF(OR(AND(LEFT('CASE DATA'!F6,4)="321.",MID('CASE DATA'!A6,8,2)="SM"),MID('CASE DATA'!A6,8,2)="ST",MID('CASE DATA'!A6,8,2)="NT"),"TRAFFIC",IF(OR('CASE DATA'!G6="DISM", 'CASE DATA'!G6="ACQ", 'CASE DATA'!G6="NOTF", 'CASE DATA'!G6="WTHD", 'CASE DATA'!G6="TNSF"), "YES", "NO")) -> NO | J5: =IF(I5="YES",'CASE DATA'!T6,"N/A") -> N/A | K5: =IF(I5="YES",IF(C5+180<'BASIC INFO'!$B$3, "YES", "NO"),"N/A") -> N/A | L5: {=IF(I5="TRAFFIC","n/a",IF(OR('CASE DATA'!G6="GTR", 'CASE DATA'!G6="GPL"),IF(SUM(COUNTIF('CASE DATA'!W6:AH6, 'CODE SECTIONS'!$V$2:$V$218&"*"))>0,"felony","eligible"),"n/a"))} -> n/a | M5: {=IF(L5="eligible",IF(OR((SUM(COUNTIF('CASE DATA'!W6:AH6,'CODE SECTIONS'!$X$2:$X$19&"*"))>0),LEFT('CASE DATA'!W6:AH6,4)="717C", LEFT('CASE DATA'!W6:AH6, 3)="719", LEFT('CASE DATA'!W6:AH6,3)="720", LEFT('CASE DATA'!W6:AH6,3)="724", LEFT('CASE DATA'!W6:AH6,3)="726", LEFT('CASE DATA'!W6:AH6,3)="728", LEFT('CASE DATA'!W6:AH6,4)="901A"), "ineligible misd","eligible"),"n/a")} -> n/a | N5: =IF(M5="eligible",IF(COUNTIF('CASE DATA'!$D$4:$D$200, "")-COUNTIF('CASE DATA'!$A$4:$A$200, "")>0, "YES","NO"),"N/A") -> N/A | O5: =IF(M5="eligible",BANKRUPTCY!C6+BANKRUPTCY!D6,"N/A") -> N/A | P5: =IF(M5="eligible",SOL!C6+SOL!D6+SOL!E6,"N/A") -> N/A | Q5: =IF(M5="eligible",SUM('CASE DATA'!J6:S6),"N/A") -> N/A | R5: =IF(M5="eligible",IF(C5+2920<'BASIC INFO'!$B$3, "YES", "NO"),"N/A") -> N/A | S5: =IF(OR('CASE DATA'!G6="DEF"), "YES", "NO") -> NO | T5: =IF(S5="YES",'CASE DATA'!I6,"N/A") -> N/A | U5: =IF(S5="YES",BANKRUPTCY!C6+BANKRUPTCY!D6,"N/A") -> N/A | V5: =IF(S5="YES",SUM('CASE DATA'!J6:S6),"N/A") -> N/A | W5: =IF(OR('CASE DATA'!F6="123.46",'CASE DATA'!F6="123.47"),"YES","NO") -> NO | X5: =IF(W5="YES",COUNTIFS(AD$3:$AD$200,">"&('CASE DATA'!D6),$AD$3:$AD$200,"<"&('CASE DATA'!D6+730.5)),"n/a") -> n/a | Y5: =IF(W5="YES",IF(C5+730.5<'BASIC INFO'!$B$3, "YES","NO"), "N/A") -> N/A | Z5: =IF('CASE DATA'!F6="725.1","YES","NO") -> NO | AA5: =IF(Z5="YES",IF(C5+730.5<'BASIC INFO'!$B$3, "YES","NO"), "N/A") -> N/A | AB5: =IF('BASIC INFO'!$B$6+6574.5>C5, "YES", "NO") -> YES | AC5: =IF(Z5="YES",COUNTIFS(AD$3:$AD$200,">"&('CASE DATA'!D6),$AD$3:$AD$200,"<"&('CASE DATA'!D6+730.5)),"n/a") -> n/a
A6: =IF('CASE DATA'!A7="","z",'CASE DATA'!A7) -> z | B6: =IF('CASE DATA'!A7="","",'CASE DATA'!E7) | C6: ='CASE DATA'!D7 -> 0 | D6: =IF('CASE DATA'!I7="YES",SUM('CASE DATA'!J7:P7),"n/a") -> n/a | E6: =IF(OR('CASE DATA'!G7="JUV", 'CASE DATA'!G7="JWV"), "YES", "NO") -> NO | F6: {=IF(E6="YES",IF(SUM(COUNTIF('CASE DATA'!$G$4:$G$200, {"GTR","GPL","DEF","JUV"}))>0, "YES","NO"),"N/A")} -> N/A | G6: =IF(E6="YES",IF(COUNTIF('CASE DATA'!$D$4:$D$200, "")-COUNTIF('CASE DATA'!$A$4:$A$200, "")>0, "YES","NO"),"N/A") -> N/A | H6: =_xlfn.IFS(E6="NO", "N/A", AND('BASIC INFO'!$B$3>'BASIC INFO'!$B$6+6574.5, C6+730.5<'BASIC INFO'!$B$3), "YES", 'BASIC INFO'!$B$3<('BASIC INFO'!$B$6+6574.5), "NOT YET 18", C6+730.5>'BASIC INFO'!$B$3, "NOT YET 2 YEARS") -> N/A | I6: =IF(OR(AND(LEFT('CASE DATA'!F7,4)="321.",MID('CASE DATA'!A7,8,2)="SM"),MID('CASE DATA'!A7,8,2)="ST",MID('CASE DATA'!A7,8,2)="NT"),"TRAFFIC",IF(OR('CASE DATA'!G7="DISM", 'CASE DATA'!G7="ACQ", 'CASE DATA'!G7="NOTF", 'CASE DATA'!G7="WTHD", 'CASE DATA'!G7="TNSF"), "YES", "NO")) -> NO | J6: =IF(I6="YES",'CASE DATA'!T7,"N/A") -> N/A | K6: =IF(I6="YES",IF(C6+180<'BASIC INFO'!$B$3, "YES", "NO"),"N/A") -> N/A | L6: {=IF(I6="TRAFFIC","n/a",IF(OR('CASE DATA'!G7="GTR", 'CASE DATA'!G7="GPL"),IF(SUM(COUNTIF('CASE DATA'!W7:AH7, 'CODE SECTIONS'!$V$2:$V$218&"*"))>0,"felony","eligible"),"n/a"))} -> n/a | M6: {=IF(L6="eligible",IF(OR((SUM(COUNTIF('CASE DATA'!W7:AH7,'CODE SECTIONS'!$X$2:$X$19&"*"))>0),LEFT('CASE DATA'!W7:AH7,4)="717C", LEFT('CASE DATA'!W7:AH7, 3)="719", LEFT('CASE DATA'!W7:AH7,3)="720", LEFT('CASE DATA'!W7:AH7,3)="724", LEFT('CASE DATA'!W7:AH7,3)="726", LEFT('CASE DATA'!W7:AH7,3)="728", LEFT('CASE DATA'!W7:AH7,4)="901A"), "ineligible misd","eligible"),"n/a")} -> n/a | N6: =IF(M6="eligible",IF(COUNTIF('CASE DATA'!$D$4:$D$200, "")-COUNTIF('CASE DATA'!$A$4:$A$200, "")>0, "YES","NO"),"N/A") -> N/A | O6: =IF(M6="eligible",BANKRUPTCY!C7+BANKRUPTCY!D7,"N/A") -> N/A | P6: =IF(M6="eligible",SOL!C7+SOL!D7+SOL!E7,"N/A") -> N/A | Q6: =IF(M6="eligible",SUM('CASE DATA'!J7:S7),"N/A") -> N/A | R6: =IF(M6="eligible",IF(C6+2920<'BASIC INFO'!$B$3, "YES", "NO"),"N/A") -> N/A | S6: =IF(OR('CASE DATA'!G7="DEF"), "YES", "NO") -> NO | T6: =IF(S6="YES",'CASE DATA'!I7,"N/A") -> N/A | U6: =IF(S6="YES",BANKRUPTCY!C7+BANKRUPTCY!D7,"N/A") -> N/A | V6: =IF(S6="YES",SUM('CASE DATA'!J7:S7),"N/A") -> N/A | W6: =IF(OR('CASE DATA'!F7="123.46",'CASE DATA'!F7="123.47"),"YES","NO") -> NO | X6: =IF(W6="YES",COUNTIFS(AD$3:$AD$200,">"&('CASE DATA'!D7),$AD$3:$AD$200,"<"&('CASE DATA'!D7+730.5)),"n/a") -> n/a | Y6: =IF(W6="YES",IF(C6+730.5<'BASIC INFO'!$B$3, "YES","NO"), "N/A") -> N/A | Z6: =IF('CASE DATA'!F7="725.1","YES","NO") -> NO | AA6: =IF(Z6="YES",IF(C6+730.5<'BASIC INFO'!$B$3, "YES","NO"), "N/A") -> N/A | AB6: =IF('BASIC INFO'!$B$6+6574.5>C6, "YES", "NO") -> YES | AC6: =IF(Z6="YES",COUNTIFS(AD$3:$AD$200,">"&('CASE DATA'!D7),$AD$3:$AD$200,"<"&('CASE DATA'!D7+730.5)),"n/a") -> n/a
A7: =IF('CASE DATA'!A8="","z",'CASE DATA'!A8) -> z | B7: =IF('CASE DATA'!A8="","",'CASE DATA'!E8) | C7: ='CASE DATA'!D8 -> 0 | D7: =IF('CASE DATA'!I8="YES",SUM('CASE DATA'!J8:P8),"n/a") -> n/a | E7: =IF(OR('CASE DATA'!G8="JUV", 'CASE DATA'!G8="JWV"), "YES", "NO") -> NO | F7: {=IF(E7="YES",IF(SUM(COUNTIF('CASE DATA'!$G$4:$G$200, {"GTR","GPL","DEF","JUV"}))>0, "YES","NO"),"N/A")} -> N/A | G7: =IF(E7="YES",IF(COUNTIF('CASE DATA'!$D$4:$D$200, "")-COUNTIF('CASE DATA'!$A$4:$A$200, "")>0, "YES","NO"),"N/A") -> N/A | H7: =_xlfn.IFS(E7="NO", "N/A", AND('BASIC INFO'!$B$3>'BASIC INFO'!$B$6+6574.5, C7+730.5<'BASIC INFO'!$B$3), "YES", 'BASIC INFO'!$B$3<('BASIC INFO'!$B$6+6574.5), "NOT YET 18", C7+730.5>'BASIC INFO'!$B$3, "NOT YET 2 YEARS") -> N/A | I7: =IF(OR(AND(LEFT('CASE DATA'!F8,4)="321.",MID('CASE DATA'!A8,8,2)="SM"),MID('CASE DATA'!A8,8,2)="ST",MID('CASE DATA'!A8,8,2)="NT"),"TRAFFIC",IF(OR('CASE DATA'!G8="DISM", 'CASE DATA'!G8="ACQ", 'CASE DATA'!G8="NOTF", 'CASE DATA'!G8="WTHD", 'CASE DATA'!G8="TNSF"), "YES", "NO")) -> NO | J7: =IF(I7="YES",'CASE DATA'!T8,"N/A") -> N/A | K7: =IF(I7="YES",IF(C7+180<'BASIC INFO'!$B$3, "YES", "NO"),"N/A") -> N/A | L7: {=IF(I7="TRAFFIC","n/a",IF(OR('CASE DATA'!G8="GTR", 'CASE DATA'!G8="GPL"),IF(SUM(COUNTIF('CASE DATA'!W8:AH8, 'CODE SECTIONS'!$V$2:$V$218&"*"))>0,"felony","eligible"),"n/a"))} -> n/a | M7: {=IF(L7="eligible",IF(OR((SUM(COUNTIF('CASE DATA'!W8:AH8,'CODE SECTIONS'!$X$2:$X$19&"*"))>0),LEFT('CASE DATA'!W8:AH8,4)="717C", LEFT('CASE DATA'!W8:AH8, 3)="719", LEFT('CASE DATA'!W8:AH8,3)="720", LEFT('CASE DATA'!W8:AH8,3)="724", LEFT('CASE DATA'!W8:AH8,3)="726", LEFT('CASE DATA'!W8:AH8,3)="728", LEFT('CASE DATA'!W8:AH8,4)="901A"), "ineligible misd","eligible"),"n/a")} -> n/a | N7: =IF(M7="eligible",IF(COUNTIF('CASE DATA'!$D$4:$D$200, "")-COUNTIF('CASE DATA'!$A$4:$A$200, "")>0, "YES","NO"),"N/A") -> N/A | O7: =IF(M7="eligible",BANKRUPTCY!C8+BANKRUPTCY!D8,"N/A") -> N/A | P7: =IF(M7="eligible",SOL!C8+SOL!D8+SOL!E8,"N/A") -> N/A | Q7: =IF(M7="eligible",SUM('CASE DATA'!J8:S8),"N/A") -> N/A | R7: =IF(M7="eligible",IF(C7+2920<'BASIC INFO'!$B$3, "YES", "NO"),"N/A") -> N/A | S7: =IF(OR('CASE DATA'!G8="DEF"), "YES", "NO") -> NO | T7: =IF(S7="YES",'CASE DATA'!I8,"N/A") -> N/A | U7: =IF(S7="YES",BANKRUPTCY!C8+BANKRUPTCY!D8,"N/A") -> N/A | V7: =IF(S7="YES",SUM('CASE DATA'!J8:S8),"N/A") -> N/A | W7: =IF(OR('CASE DATA'!F8="123.46",'CASE DATA'!F8="123.47"),"YES","NO") -> NO | X7: =IF(W7="YES",COUNTIFS(AD$3:$AD$200,">"&('CASE DATA'!D8),$AD$3:$AD$200,"<"&('CASE DATA'!D8+730.5)),"n/a") -> n/a | Y7: =IF(W7="YES",IF(C7+730.5<'BASIC INFO'!$B$3, "YES","NO"), "N/A") -> N/A | Z7: =IF('CASE DATA'!F8="725.1","YES","NO") -> NO | AA7: =IF(Z7="YES",IF(C7+730.5<'BASIC INFO'!$B$3, "YES","NO"), "N/A") -> N/A | AB7: =IF('BASIC INFO'!$B$6+6574.5>C7, "YES", "NO") -> YES | AC7: =IF(Z7="YES",COUNTIFS(AD$3:$AD$200,">"&('CASE DATA'!D8),$AD$3:$AD$200,"<"&('CASE DATA'!D8+730.5)),"n/a") -> n/a
A8: =IF('CASE DATA'!A9="","z",'CASE DATA'!A9) -> z | B8: =IF('CASE DATA'!A9="","",'CASE DATA'!E9) | C8: ='CASE DATA'!D9 -> 0 | D8: =IF('CASE DATA'!I9="YES",SUM('CASE DATA'!J9:P9),"n/a") -> n/a | E8: =IF(OR('CASE DATA'!G9="JUV", 'CASE DATA'!G9="JWV"), "YES", "NO") -> NO | F8: {=IF(E8="YES",IF(SUM(COUNTIF('CASE DATA'!$G$4:$G$200, {"GTR","GPL","DEF","JUV"}))>0, "YES","NO"),"N/A")} -> N/A | G8: =IF(E8="YES",IF(COUNTIF('CASE DATA'!$D$4:$D$200, "")-COUNTIF('CASE DATA'!$A$4:$A$200, "")>0, "YES","NO"),"N/A") -> N/A | H8: =_xlfn.IFS(E8="NO", "N/A", AND('BASIC INFO'!$B$3>'BASIC INFO'!$B$6+6574.5, C8+730.5<'BASIC INFO'!$B$3), "YES", 'BASIC INFO'!$B$3<('BASIC INFO'!$B$6+6574.5), "NOT YET 18", C8+730.5>'BASIC INFO'!$B$3, "NOT YET 2 YEARS") -> N/A | I8: =IF(OR(AND(LEFT('CASE DATA'!F9,4)="321.",MID('CASE DATA'!A9,8,2)="SM"),MID('CASE DATA'!A9,8,2)="ST",MID('CASE DATA'!A9,8,2)="NT"),"TRAFFIC",IF(OR('CASE DATA'!G9="DISM", 'CASE DATA'!G9="ACQ", 'CASE DATA'!G9="NOTF", 'CASE DATA'!G9="WTHD", 'CASE DATA'!G9="TNSF"), "YES", "NO")) -> NO | J8: =IF(I8="YES",'CASE DATA'!T9,"N/A") -> N/A | K8: =IF(I8="YES",IF(C8+180<'BASIC INFO'!$B$3, "YES", "NO"),"N/A") -> N/A | L8: {=IF(I8="TRAFFIC","n/a",IF(OR('CASE DATA'!G9="GTR", 'CASE DATA'!G9="GPL"),IF(SUM(COUNTIF('CASE DATA'!W9:AH9, 'CODE SECTIONS'!$V$2:$V$218&"*"))>0,"felony","eligible"),"n/a"))} -> n/a | M8: {=IF(L8="eligible",IF(OR((SUM(COUNTIF('CASE DATA'!W9:AH9,'CODE SECTIONS'!$X$2:$X$19&"*"))>0),LEFT('CASE DATA'!W9:AH9,4)="717C", LEFT('CASE DATA'!W9:AH9, 3)="719", LEFT('CASE DATA'!W9:AH9,3)="720", LEFT('CASE DATA'!W9:AH9,3)="724", LEFT('CASE DATA'!W9:AH9,3)="726", LEFT('CASE DATA'!W9:AH9,3)="728", LEFT('CASE DATA'!W9:AH9,4)="901A"), "ineligible misd","eligible"),"n/a")} -> n/a | N8: =IF(M8="eligible",IF(COUNTIF('CASE DATA'!$D$4:$D$200, "")-COUNTIF('CASE DATA'!$A$4:$A$200, "")>0, "YES","NO"),"N/A") -> N/A | O8: =IF(M8="eligible",BANKRUPTCY!C9+BANKRUPTCY!D9,"N/A") -> N/A | P8: =IF(M8="eligible",SOL!C9+SOL!D9+SOL!E9,"N/A") -> N/A | Q8: =IF(M8="eligible",SUM('CASE DATA'!J9:S9),"N/A") -> N/A | R8: =IF(M8="eligible",IF(C8+2920<'BASIC INFO'!$B$3, "YES", "NO"),"N/A") -> N/A | S8: =IF(OR('CASE DATA'!G9="DEF"), "YES", "NO") -> NO | T8: =IF(S8="YES",'CASE DATA'!I9,"N/A") -> N/A | U8: =IF(S8="YES",BANKRUPTCY!C9+BANKRUPTCY!D9,"N/A") -> N/A | V8: =IF(S8="YES",SUM('CASE DATA'!J9:S9),"N/A") -> N/A | W8: =IF(OR('CASE DATA'!F9="123.46",'CASE DATA'!F9="123.47"),"YES","NO") -> NO | X8: =IF(W8="YES",COUNTIFS(AD$3:$AD$200,">"&('CASE DATA'!D9),$AD$3:$AD$200,"<"&('CASE DATA'!D9+730.5)),"n/a") -> n/a | Y8: =IF(W8="YES",IF(C8+730.5<'BASIC INFO'!$B$3, "YES","NO"), "N/A") -> N/A | Z8: =IF('CASE DATA'!F9="725.1","YES","NO") -> NO | AA8: =IF(Z8="YES",IF(C8+730.5<'BASIC INFO'!$B$3, "YES","NO"), "N/A") -> N/A | AB8: =IF('BASIC INFO'!$B$6+6574.5>C8, "YES", "NO") -> YES | AC8: =IF(Z8="YES",COUNTIFS(AD$3:$AD$200,">"&('CASE DATA'!D9),$AD$3:$AD$200,"<"&('CASE DATA'!D9+730.5)),"n/a") -> n/a
A9: =IF('CASE DATA'!A10="","z",'CASE DATA'!A10) -> z | B9: =IF('CASE DATA'!A10="","",'CASE DATA'!E10) | C9: ='CASE DATA'!D10 -> 0 | D9: =IF('CASE DATA'!I10="YES",SUM('CASE DATA'!J10:P10),"n/a") -> n/a | E9: =IF(OR('CASE DATA'!G10="JUV", 'CASE DATA'!G10="JWV"), "YES", "NO") -> NO | F9: {=IF(E9="YES",IF(SUM(COUNTIF('CASE DATA'!$G$4:$G$200, {"GTR","GPL","DEF","JUV"}))>0, "YES","NO"),"N/A")} -> N/A | G9: =IF(E9="YES",IF(COUNTIF('CASE DATA'!$D$4:$D$200, "")-COUNTIF('CASE DATA'!$A$4:$A$200, "")>0, "YES","NO"),"N/A") -> N/A | H9: =_xlfn.IFS(E9="NO", "N/A", AND('BASIC INFO'!$B$3>'BASIC INFO'!$B$6+6574.5, C9+730.5<'BASIC INFO'!$B$3), "YES", 'BASIC INFO'!$B$3<('BASIC INFO'!$B$6+6574.5), "NOT YET 18", C9+730.5>'BASIC INFO'!$B$3, "NOT YET 2 YEARS") -> N/A | I9: =IF(OR(AND(LEFT('CASE DATA'!F10,4)="321.",MID('CASE DATA'!A10,8,2)="SM"),MID('CASE DATA'!A10,8,2)="ST",MID('CASE DATA'!A10,8,2)="NT"),"TRAFFIC",IF(OR('CASE DATA'!G10="DISM", 'CASE DATA'!G10="ACQ", 'CASE DATA'!G10="NOTF", 'CASE DATA'!G10="WTHD", 'CASE DATA'!G10="TNSF"), "YES", "NO")) -> NO | J9: =IF(I9="YES",'CASE DATA'!T10,"N/A") -> N/A | K9: =IF(I9="YES",IF(C9+180<'BASIC INFO'!$B$3, "YES", "NO"),"N/A") -> N/A | L9: {=IF(I9="TRAFFIC","n/a",IF(OR('CASE DATA'!G10="GTR", 'CASE DATA'!G10="GPL"),IF(SUM(COUNTIF('CASE DATA'!W10:AH10, 'CODE SECTIONS'!$V$2:$V$218&"*"))>0,"felony","eligible"),"n/a"))} -> n/a | M9: {=IF(L9="eligible",IF(OR((SUM(COUNTIF('CASE DATA'!W10:AH10,'CODE SECTIONS'!$X$2:$X$19&"*"))>0),LEFT('CASE DATA'!W10:AH10,4)="717C", LEFT('CASE DATA'!W10:AH10, 3)="719", LEFT('CASE DATA'!W10:AH10,3)="720", LEFT('CASE DATA'!W10:AH10,3)="724", LEFT('CASE DATA'!W10:AH10,3)="726", LEFT('CASE DATA'!W10:AH10,3)="728", LEFT('CASE DATA'!W10:AH10,4)="901A"), "ineligible misd","eligible"),"n/a")} -> n/a | N9: =IF(M9="eligible",IF(COUNTIF('CASE DATA'!$D$4:$D$200, "")-COUNTIF('CASE DATA'!$A$4:$A$200, "")>0, "YES","NO"),"N/A") -> N/A | O9: =IF(M9="eligible",BANKRUPTCY!C10+BANKRUPTCY!D10,"N/A") -> N/A | P9: =IF(M9="eligible",SOL!C10+SOL!D10+SOL!E10,"N/A") -> N/A | Q9: =IF(M9="eligible",SUM('CASE DATA'!J10:S10),"N/A") -> N/A | R9: =IF(M9="eligible",IF(C9+2920<'BASIC INFO'!$B$3, "YES", "NO"),"N/A") -> N/A | S9: =IF(OR('CASE DATA'!G10="DEF"), "YES", "NO") -> NO | T9: =IF(S9="YES",'CASE DATA'!I10,"N/A") -> N/A | U9: =IF(S9="YES",BANKRUPTCY!C10+BANKRUPTCY!D10,"N/A") -> N/A | V9: =IF(S9="YES",SUM('CASE DATA'!J10:S10),"N/A") -> N/A | W9: =IF(OR('CASE DATA'!F10="123.46",'CASE DATA'!F10="123.47"),"YES","NO") -> NO | X9: =IF(W9="YES",COUNTIFS(AD$3:$AD$200,">"&('CASE DATA'!D10),$AD$3:$AD$200,"<"&('CASE DATA'!D10+730.5)),"n/a") -> n/a | Y9: =IF(W9="YES",IF(C9+730.5<'BASIC INFO'!$B$3, "YES","NO"), "N/A") -> N/A | Z9: =IF('CASE DATA'!F10="725.1","YES","NO") -> NO | AA9: =IF(Z9="YES",IF(C9+730.5<'BASIC INFO'!$B$3, "YES","NO"), "N/A") -> N/A | AB9: =IF('BASIC INFO'!$B$6+6574.5>C9, "YES", "NO") -> YES | AC9: =IF(Z9="YES",COUNTIFS(AD$3:$AD$200,">"&('CASE DATA'!D10),$AD$3:$AD$200,"<"&('CASE DATA'!D10+730.5)),"n/a") -> n/a
A10: =IF('CASE DATA'!A11="","z",'CASE DATA'!A11) -> z | B10: =IF('CASE DATA'!A11="","",'CASE DATA'!E11) | C10: ='CASE DATA'!D11 -> 0 | D10: =IF('CASE DATA'!I11="YES",SUM('CASE DATA'!J11:P11),"n/a") -> n/a | E10: =IF(OR('CASE DATA'!G11="JUV", 'CASE DATA'!G11="JWV"), "YES", "NO") -> NO | F10: {=IF(E10="YES",IF(SUM(COUNTIF('CASE DATA'!$G$4:$G$200, {"GTR","GPL","DEF","JUV"}))>0, "YES","NO"),"N/A")} -> N/A | G10: =IF(E10="YES",IF(COUNTIF('CASE DATA'!$D$4:$D$200, "")-COUNTIF('CASE DATA'!$A$4:$A$200, "")>0, "YES","NO"),"N/A") -> N/A | H10: =_xlfn.IFS(E10="NO", "N/A", AND('BASIC INFO'!$B$3>'BASIC INFO'!$B$6+6574.5, C10+730.5<'BASIC INFO'!$B$3), "YES", 'BASIC INFO'!$B$3<('BASIC INFO'!$B$6+6574.5), "NOT YET 18", C10+730.5>'BASIC INFO'!$B$3, "NOT YET 2 YEARS") -> N/A | I10: =IF(OR(AND(LEFT('CASE DATA'!F11,4)="321.",MID('CASE DATA'!A11,8,2)="SM"),MID('CASE DATA'!A11,8,2)="ST",MID('CASE DATA'!A11,8,2)="NT"),"TRAFFIC",IF(OR('CASE DATA'!G11="DISM", 'CASE DATA'!G11="ACQ", 'CASE DATA'!G11="NOTF", 'CASE DATA'!G11="WTHD", 'CASE DATA'!G11="TNSF"), "YES", "NO")) -> NO | J10: =IF(I10="YES",'CASE DATA'!T11,"N/A") -> N/A | K10: =IF(I10="YES",IF(C10+180<'BASIC INFO'!$B$3, "YES", "NO"),"N/A") -> N/A | L10: {=IF(I10="TRAFFIC","n/a",IF(OR('CASE DATA'!G11="GTR", 'CASE DATA'!G11="GPL"),IF(SUM(COUNTIF('CASE DATA'!W11:AH11, 'CODE SECTIONS'!$V$2:$V$218&"*"))>0,"felony","eligible"),"n/a"))} -> n/a | M10: {=IF(L10="eligible",IF(OR((SUM(COUNTIF('CASE DATA'!W11:AH11,'CODE SECTIONS'!$X$2:$X$19&"*"))>0),LEFT('CASE DATA'!W11:AH11,4)="717C", LEFT('CASE DATA'!W11:AH11, 3)="719", LEFT('CASE DATA'!W11:AH11,3)="720", LEFT('CASE DATA'!W11:AH11,3)="724", LEFT('CASE DATA'!W11:AH11,3)="726", LEFT('CASE DATA'!W11:AH11,3)="728", LEFT('CASE DATA'!W11:AH11,4)="901A"), "ineligible misd","eligible"),"n/a")} -> n/a | N10: =IF(M10="eligible",IF(COUNTIF('CASE DATA'!$D$4:$D$200, "")-COUNTIF('CASE DATA'!$A$4:$A$200, "")>0, "YES","NO"),"N/A") -> N/A | O10: =IF(M10="eligible",BANKRUPTCY!C11+BANKRUPTCY!D11,"N/A") -> N/A | P10: =IF(M10="eligible",SOL!C11+SOL!D11+SOL!E11,"N/A") -> N/A | Q10: =IF(M10="eligible",SUM('CASE DATA'!J11:S11),"N/A") -> N/A | R10: =IF(M10="eligible",IF(C10+2920<'BASIC INFO'!$B$3, "YES", "NO"),"N/A") -> N/A | S10: =IF(OR('CASE DATA'!G11="DEF"), "YES", "NO") -> NO | T10: =IF(S10="YES",'CASE DATA'!I11,"N/A") -> N/A | U10: =IF(S10="YES",BANKRUPTCY!C11+BANKRUPTCY!D11,"N/A") -> N/A | V10: =IF(S10="YES",SUM('CASE DATA'!J11:S11),"N/A") -> N/A | W10: =IF(OR('CASE DATA'!F11="123.46",'CASE DATA'!F11="123.47"),"YES","NO") -> NO | X10: =IF(W10="YES",COUNTIFS(AD$3:$AD$200,">"&('CASE DATA'!D11),$AD$3:$AD$200,"<"&('CASE DATA'!D11+730.5)),"n/a") -> n/a | Y10: =IF(W10="YES",IF(C10+730.5<'BASIC INFO'!$B$3, "YES","NO"), "N/A") -> N/A | Z10: =IF('CASE DATA'!F11="725.1","YES","NO") -> NO | AA10: =IF(Z10="YES",IF(C10+730.5<'BASIC INFO'!$B$3, "YES","NO"), "N/A") -> N/A | AB10: =IF('BASIC INFO'!$B$6+6574.5>C10, "YES", "NO") -> YES | AC10: =IF(Z10="YES",COUNTIFS(AD$3:$AD$200,">"&('CASE DATA'!D11),$AD$3:$AD$200,"<"&('CASE DATA'!D11+730.5)),"n/a") -> n/a
A11: =IF('CASE DATA'!A12="","z",'CASE DATA'!A12) -> z | B11: =IF('CASE DATA'!A12="","",'CASE DATA'!E12) | C11: ='CASE DATA'!D12 -> 0 | D11: =IF('CASE DATA'!I12="YES",SUM('CASE DATA'!J12:P12),"n/a") -> n/a | E11: =IF(OR('CASE DATA'!G12="JUV", 'CASE DATA'!G12="JWV"), "YES", "NO") -> NO | F11: {=IF(E11="YES",IF(SUM(COUNTIF('CASE DATA'!$G$4:$G$200, {"GTR","GPL","DEF","JUV"}))>0, "YES","NO"),"N/A")} -> N/A | G11: =IF(E11="YES",IF(COUNTIF('CASE DATA'!$D$4:$D$200, "")-COUNTIF('CASE DATA'!$A$4:$A$200, "")>0, "YES","NO"),"N/A") -> N/A | H11: =_xlfn.IFS(E11="NO", "N/A", AND('BASIC INFO'!$B$3>'BASIC INFO'!$B$6+6574.5, C11+730.5<'BASIC INFO'!$B$3), "YES", 'BASIC INFO'!$B$3<('BASIC INFO'!$B$6+6574.5), "NOT YET 18", C11+730.5>'BASIC INFO'!$B$3, "NOT YET 2 YEARS") -> N/A | I11: =IF(OR(AND(LEFT('CASE DATA'!F12,4)="321.",MID('CASE DATA'!A12,8,2)="SM"),MID('CASE DATA'!A12,8,2)="ST",MID('CASE DATA'!A12,8,2)="NT"),"TRAFFIC",IF(OR('CASE DATA'!G12="DISM", 'CASE DATA'!G12="ACQ", 'CASE DATA'!G12="NOTF", 'CASE DATA'!G12="WTHD", 'CASE DATA'!G12="TNSF"), "YES", "NO")) -> NO | J11: =IF(I11="YES",'CASE DATA'!T12,"N/A") -> N/A | K11: =IF(I11="YES",IF(C11+180<'BASIC INFO'!$B$3, "YES", "NO"),"N/A") -> N/A | L11: {=IF(I11="TRAFFIC","n/a",IF(OR('CASE DATA'!G12="GTR", 'CASE DATA'!G12="GPL"),IF(SUM(COUNTIF('CASE DATA'!W12:AH12, 'CODE SECTIONS'!$V$2:$V$218&"*"))>0,"felony","eligible"),"n/a"))} -> n/a | M11: {=IF(L11="eligible",IF(OR((SUM(COUNTIF('CASE DATA'!W12:AH12,'CODE SECTIONS'!$X$2:$X$19&"*"))>0),LEFT('CASE DATA'!W12:AH12,4)="717C", LEFT('CASE DATA'!W12:AH12, 3)="719", LEFT('CASE DATA'!W12:AH12,3)="720", LEFT('CASE DATA'!W12:AH12,3)="724", LEFT('CASE DATA'!W12:AH12,3)="726", LEFT('CASE DATA'!W12:AH12,3)="728", LEFT('CASE DATA'!W12:AH12,4)="901A"), "ineligible misd","eligible"),"n/a")} -> n/a | N11: =IF(M11="eligible",IF(COUNTIF('CASE DATA'!$D$4:$D$200, "")-COUNTIF('CASE DATA'!$A$4:$A$200, "")>0, "YES","NO"),"N/A") -> N/A | O11: =IF(M11="eligible",BANKRUPTCY!C12+BANKRUPTCY!D12,"N/A") -> N/A | P11: =IF(M11="eligible",SOL!C12+SOL!D12+SOL!E12,"N/A") -> N/A | Q11: =IF(M11="eligible",SUM('CASE DATA'!J12:S12),"N/A") -> N/A | R11: =IF(M11="eligible",IF(C11+2920<'BASIC INFO'!$B$3, "YES", "NO"),"N/A") -> N/A | S11: =IF(OR('CASE DATA'!G12="DEF"), "YES", "NO") -> NO | T11: =IF(S11="YES",'CASE DATA'!I12,"N/A") -> N/A | U11: =IF(S11="YES",BANKRUPTCY!C12+BANKRUPTCY!D12,"N/A") -> N/A | V11: =IF(S11="YES",SUM('CASE DATA'!J12:S12),"N/A") -> N/A | W11: =IF(OR('CASE DATA'!F12="123.46",'CASE DATA'!F12="123.47"),"YES","NO") -> NO | X11: =IF(W11="YES",COUNTIFS(AD$3:$AD$200,">"&('CASE DATA'!D12),$AD$3:$AD$200,"<"&('CASE DATA'!D12+730.5)),"n/a") -> n/a | Y11: =IF(W11="YES",IF(C11+730.5<'BASIC INFO'!$B$3, "YES","NO"), "N/A") -> N/A | Z11: =IF('CASE DATA'!F12="725.1","YES","NO") -> NO | AA11: =IF(Z11="YES",IF(C11+730.5<'BASIC INFO'!$B$3, "YES","NO"), "N/A") -> N/A | AB11: =IF('BASIC INFO'!$B$6+6574.5>C11, "YES", "NO") -> YES | AC11: =IF(Z11="YES",COUNTIFS(AD$3:$AD$200,">"&('CASE DATA'!D12),$AD$3:$AD$200,"<"&('CASE DATA'!D12+730.5)),"n/a") -> n/a
A12: =IF('CASE DATA'!A13="","z",'CASE DATA'!A13) -> z | B12: =IF('CASE DATA'!A13="","",'CASE DATA'!E13) | C12: ='CASE DATA'!D13 -> 0 | D12: =IF('CASE DATA'!I13="YES",SUM('CASE DATA'!J13:P13),"n/a") -> n/a | E12: =IF(OR('CASE DATA'!G13="JUV", 'CASE DATA'!G13="JWV"), "YES", "NO") -> NO | F12: {=IF(E12="YES",IF(SUM(COUNTIF('CASE DATA'!$G$4:$G$200, {"GTR","GPL","DEF","JUV"}))>0, "YES","NO"),"N/A")} -> N/A | G12: =IF(E12="YES",IF(COUNTIF('CASE DATA'!$D$4:$D$200, "")-COUNTIF('CASE DATA'!$A$4:$A$200, "")>0, "YES","NO"),"N/A") -> N/A | H12: =_xlfn.IFS(E12="NO", "N/A", AND('BASIC INFO'!$B$3>'BASIC INFO'!$B$6+6574.5, C12+730.5<'BASIC INFO'!$B$3), "YES", 'BASIC INFO'!$B$3<('BASIC INFO'!$B$6+6574.5), "NOT YET 18", C12+730.5>'BASIC INFO'!$B$3, "NOT YET 2 YEARS") -> N/A | I12: =IF(OR(AND(LEFT('CASE DATA'!F13,4)="321.",MID('CASE DATA'!A13,8,2)="SM"),MID('CASE DATA'!A13,8,2)="ST",MID('CASE DATA'!A13,8,2)="NT"),"TRAFFIC",IF(OR('CASE DATA'!G13="DISM", 'CASE DATA'!G13="ACQ", 'CASE DATA'!G13="NOTF", 'CASE DATA'!G13="WTHD", 'CASE DATA'!G13="TNSF"), "YES", "NO")) -> NO | J12: =IF(I12="YES",'CASE DATA'!T13,"N/A") -> N/A | K12: =IF(I12="YES",IF(C12+180<'BASIC INFO'!$B$3, "YES", "NO"),"N/A") -> N/A | L12: {=IF(I12="TRAFFIC","n/a",IF(OR('CASE DATA'!G13="GTR", 'CASE DATA'!G13="GPL"),IF(SUM(COUNTIF('CASE DATA'!W13:AH13, 'CODE SECTIONS'!$V$2:$V$218&"*"))>0,"felony","eligible"),"n/a"))} -> n/a | M12: {=IF(L12="eligible",IF(OR((SUM(COUNTIF('CASE DATA'!W13:AH13,'CODE SECTIONS'!$X$2:$X$19&"*"))>0),LEFT('CASE DATA'!W13:AH13,4)="717C", LEFT('CASE DATA'!W13:AH13, 3)="719", LEFT('CASE DATA'!W13:AH13,3)="720", LEFT('CASE DATA'!W13:AH13,3)="724", LEFT('CASE DATA'!W13:AH13,3)="726", LEFT('CASE DATA'!W13:AH13,3)="728", LEFT('CASE DATA'!W13:AH13,4)="901A"), "ineligible misd","eligible"),"n/a")} -> n/a | N12: =IF(M12="eligible",IF(COUNTIF('CASE DATA'!$D$4:$D$200, "")-COUNTIF('CASE DATA'!$A$4:$A$200, "")>0, "YES","NO"),"N/A") -> N/A | O12: =IF(M12="eligible",BANKRUPTCY!C13+BANKRUPTCY!D13,"N/A") -> N/A | P12: =IF(M12="eligible",SOL!C13+SOL!D13+SOL!E13,"N/A") -> N/A | Q12: =IF(M12="eligible",SUM('CASE DATA'!J13:S13),"N/A") -> N/A | R12: =IF(M12="eligible",IF(C12+2920<'BASIC INFO'!$B$3, "YES", "NO"),"N/A") -> N/A | S12: =IF(OR('CASE DATA'!G13="DEF"), "YES", "NO") -> NO | T12: =IF(S12="YES",'CASE DATA'!I13,"N/A") -> N/A | U12: =IF(S12="YES",BANKRUPTCY!C13+BANKRUPTCY!D13,"N/A") -> N/A | V12: =IF(S12="YES",SUM('CASE DATA'!J13:S13),"N/A") -> N/A | W12: =IF(OR('CASE DATA'!F13="123.46",'CASE DATA'!F13="123.47"),"YES","NO") -> NO | X12: =IF(W12="YES",COUNTIFS(AD$3:$AD$200,">"&('CASE DATA'!D13),$AD$3:$AD$200,"<"&('CASE DATA'!D13+730.5)),"n/a") -> n/a | Y12: =IF(W12="YES",IF(C12+730.5<'BASIC INFO'!$B$3, "YES","NO"), "N/A") -> N/A | Z12: =IF('CASE DATA'!F13="725.1","YES","NO") -> NO | AA12: =IF(Z12="YES",IF(C12+730.5<'BASIC INFO'!$B$3, "YES","NO"), "N/A") -> N/A | AB12: =IF('BASIC INFO'!$B$6+6574.5>C12, "YES", "NO") -> YES | AC12: =IF(Z12="YES",COUNTIFS(AD$3:$AD$200,">"&('CASE DATA'!D13),$AD$3:$AD$200,"<"&('CASE DATA'!D13+730.5)),"n/a") -> n/a
A13: =IF('CASE DATA'!A14="","z",'CASE DATA'!A14) -> z | B13: =IF('CASE DATA'!A14="","",'CASE DATA'!E14) | C13: ='CASE DATA'!D14 -> 0 | D13: =IF('CASE DATA'!I14="YES",SUM('CASE DATA'!J14:P14),"n/a") -> n/a | E13: =IF(OR('CASE DATA'!G14="JUV", 'CASE DATA'!G14="JWV"), "YES", "NO") -> NO | F13: {=IF(E13="YES",IF(SUM(COUNTIF('CASE DATA'!$G$4:$G$200, {"GTR","GPL","DEF","JUV"}))>0, "YES","NO"),"N/A")} -> N/A | G13: =IF(E13="YES",IF(COUNTIF('CASE DATA'!$D$4:$D$200, "")-COUNTIF('CASE DATA'!$A$4:$A$200, "")>0, "YES","NO"),"N/A") -> N/A | H13: =_xlfn.IFS(E13="NO", "N/A", AND('BASIC INFO'!$B$3>'BASIC INFO'!$B$6+6574.5, C13+730.5<'BASIC INFO'!$B$3), "YES", 'BASIC INFO'!$B$3<('BASIC INFO'!$B$6+6574.5), "NOT YET 18", C13+730.5>'BASIC INFO'!$B$3, "NOT YET 2 YEARS") -> N/A | I13: =IF(OR(AND(LEFT('CASE DATA'!F14,4)="321.",MID('CASE DATA'!A14,8,2)="SM"),MID('CASE DATA'!A14,8,2)="ST",MID('CASE DATA'!A14,8,2)="NT"),"TRAFFIC",IF(OR('CASE DATA'!G14="DISM", 'CASE DATA'!G14="ACQ", 'CASE DATA'!G14="NOTF", 'CASE DATA'!G14="WTHD", 'CASE DATA'!G14="TNSF"), "YES", "NO")) -> NO | J13: =IF(I13="YES",'CASE DATA'!T14,"N/A") -> N/A | K13: =IF(I13="YES",IF(C13+180<'BASIC INFO'!$B$3, "YES", "NO"),"N/A") -> N/A | L13: {=IF(I13="TRAFFIC","n/a",IF(OR('CASE DATA'!G14="GTR", 'CASE DATA'!G14="GPL"),IF(SUM(COUNTIF('CASE DATA'!W14:AH14, 'CODE SECTIONS'!$V$2:$V$218&"*"))>0,"felony","eligible"),"n/a"))} -> n/a | M13: {=IF(L13="eligible",IF(OR((SUM(COUNTIF('CASE DATA'!W14:AH14,'CODE SECTIONS'!$X$2:$X$19&"*"))>0),LEFT('CASE DATA'!W14:AH14,4)="717C", LEFT('CASE DATA'!W14:AH14, 3)="719", LEFT('CASE DATA'!W14:AH14,3)="720", LEFT('CASE DATA'!W14:AH14,3)="724", LEFT('CASE DATA'!W14:AH14,3)="726", LEFT('CASE DATA'!W14:AH14,3)="728", LEFT('CASE DATA'!W14:AH14,4)="901A"), "ineligible misd","eligible"),"n/a")} -> n/a | N13: =IF(M13="eligible",IF(COUNTIF('CASE DATA'!$D$4:$D$200, "")-COUNTIF('CASE DATA'!$A$4:$A$200, "")>0, "YES","NO"),"N/A") -> N/A | O13: =IF(M13="eligible",BANKRUPTCY!C14+BANKRUPTCY!D14,"N/A") -> N/A | P13: =IF(M13="eligible",SOL!C14+SOL!D14+SOL!E14,"N/A") -> N/A | Q13: =IF(M13="eligible",SUM('CASE DATA'!J14:S14),"N/A") -> N/A | R13: =IF(M13="eligible",IF(C13+2920<'BASIC INFO'!$B$3, "YES", "NO"),"N/A") -> N/A | S13: =IF(OR('CASE DATA'!G14="DEF"), "YES", "NO") -> NO | T13: =IF(S13="YES",'CASE DATA'!I14,"N/A") -> N/A | U13: =IF(S13="YES",BANKRUPTCY!C14+BANKRUPTCY!D14,"N/A") -> N/A | V13: =IF(S13="YES",SUM('CASE DATA'!J14:S14),"N/A") -> N/A | W13: =IF(OR('CASE DATA'!F14="123.46",'CASE DATA'!F14="123.47"),"YES","NO") -> NO | X13: =IF(W13="YES",COUNTIFS(AD$3:$AD$200,">"&('CASE DATA'!D14),$AD$3:$AD$200,"<"&('CASE DATA'!D14+730.5)),"n/a") -> n/a | Y13: =IF(W13="YES",IF(C13+730.5<'BASIC INFO'!$B$3, "YES","NO"), "N/A") -> N/A | Z13: =IF('CASE DATA'!F14="725.1","YES","NO") -> NO | AA13: =IF(Z13="YES",IF(C13+730.5<'BASIC INFO'!$B$3, "YES","NO"), "N/A") -> N/A | AB13: =IF('BASIC INFO'!$B$6+6574.5>C13, "YES", "NO") -> YES | AC13: =IF(Z13="YES",COUNTIFS(AD$3:$AD$200,">"&('CASE DATA'!D14),$AD$3:$AD$200,"<"&('CASE DATA'!D14+730.5)),"n/a") -> n/a
A14: =IF('CASE DATA'!A15="","z",'CASE DATA'!A15) -> z | B14: =IF('CASE DATA'!A15="","",'CASE DATA'!E15) | C14: ='CASE DATA'!D15 -> 0 | D14: =IF('CASE DATA'!I15="YES",SUM('CASE DATA'!J15:P15),"n/a") -> n/a | E14: =IF(OR('CASE DATA'!G15="JUV", 'CASE DATA'!G15="JWV"), "YES", "NO") -> NO | F14: {=IF(E14="YES",IF(SUM(COUNTIF('CASE DATA'!$G$4:$G$200, {"GTR","GPL","DEF","JUV"}))>0, "YES","NO"),"N/A")} -> N/A | G14: =IF(E14="YES",IF(COUNTIF('CASE DATA'!$D$4:$D$200, "")-COUNTIF('CASE DATA'!$A$4:$A$200, "")>0, "YES","NO"),"N/A") -> N/A | H14: =_xlfn.IFS(E14="NO", "N/A", AND('BASIC INFO'!$B$3>'BASIC INFO'!$B$6+6574.5, C14+730.5<'BASIC INFO'!$B$3), "YES", 'BASIC INFO'!$B$3<('BASIC INFO'!$B$6+6574.5), "NOT YET 18", C14+730.5>'BASIC INFO'!$B$3, "NOT YET 2 YEARS") -> N/A | I14: =IF(OR(AND(LEFT('CASE DATA'!F15,4)="321.",MID('CASE DATA'!A15,8,2)="SM"),MID('CASE DATA'!A15,8,2)="ST",MID('CASE DATA'!A15,8,2)="NT"),"TRAFFIC",IF(OR('CASE DATA'!G15="DISM", 'CASE DATA'!G15="ACQ", 'CASE DATA'!G15="NOTF", 'CASE DATA'!G15="WTHD", 'CASE DATA'!G15="TNSF"), "YES", "NO")) -> NO | J14: =IF(I14="YES",'CASE DATA'!T15,"N/A") -> N/A | K14: =IF(I14="YES",IF(C14+180<'BASIC INFO'!$B$3, "YES", "NO"),"N/A") -> N/A | L14: {=IF(I14="TRAFFIC","n/a",IF(OR('CASE DATA'!G15="GTR", 'CASE DATA'!G15="GPL"),IF(SUM(COUNTIF('CASE DATA'!W15:AH15, 'CODE SECTIONS'!$V$2:$V$218&"*"))>0,"felony","eligible"),"n/a"))} -> n/a | M14: {=IF(L14="eligible",IF(OR((SUM(COUNTIF('CASE DATA'!W15:AH15,'CODE SECTIONS'!$X$2:$X$19&"*"))>0),LEFT('CASE DATA'!W15:AH15,4)="717C", LEFT('CASE DATA'!W15:AH15, 3)="719", LEFT('CASE DATA'!W15:AH15,3)="720", LEFT('CASE DATA'!W15:AH15,3)="724", LEFT('CASE DATA'!W15:AH15,3)="726", LEFT('CASE DATA'!W15:AH15,3)="728", LEFT('CASE DATA'!W15:AH15,4)="901A"), "ineligible misd","eligible"),"n/a")} -> n/a | N14: =IF(M14="eligible",IF(COUNTIF('CASE DATA'!$D$4:$D$200, "")-COUNTIF('CASE DATA'!$A$4:$A$200, "")>0, "YES","NO"),"N/A") -> N/A | O14: =IF(M14="eligible",BANKRUPTCY!C15+BANKRUPTCY!D15,"N/A") -> N/A | P14: =IF(M14="eligible",SOL!C15+SOL!D15+SOL!E15,"N/A") -> N/A | Q14: =IF(M14="eligible",SUM('CASE DATA'!J15:S15),"N/A") -> N/A | R14: =IF(M14="eligible",IF(C14+2920<'BASIC INFO'!$B$3, "YES", "NO"),"N/A") -> N/A | S14: =IF(OR('CASE DATA'!G15="DEF"), "YES", "NO") -> NO | T14: =IF(S14="YES",'CASE DATA'!I15,"N/A") -> N/A | U14: =IF(S14="YES",BANKRUPTCY!C15+BANKRUPTCY!D15,"N/A") -> N/A | V14: =IF(S14="YES",SUM('CASE DATA'!J15:S15),"N/A") -> N/A | W14: =IF(OR('CASE DATA'!F15="123.46",'CASE DATA'!F15="123.47"),"YES","NO") -> NO | X14: =IF(W14="YES",COUNTIFS(AD$3:$AD$200,">"&('CASE DATA'!D15),$AD$3:$AD$200,"<"&('CASE DATA'!D15+730.5)),"n/a") -> n/a | Y14: =IF(W14="YES",IF(C14+730.5<'BASIC INFO'!$B$3, "YES","NO"), "N/A") -> N/A | Z14: =IF('CASE DATA'!F15="725.1","YES","NO") -> NO | AA14: =IF(Z14="YES",IF(C14+730.5<'BASIC INFO'!$B$3, "YES","NO"), "N/A") -> N/A | AB14: =IF('BASIC INFO'!$B$6+6574.5>C14, "YES", "NO") -> YES | AC14: =IF(Z14="YES",COUNTIFS(AD$3:$AD$200,">"&('CASE DATA'!D15),$AD$3:$AD$200,"<"&('CASE DATA'!D15+730.5)),"n/a") -> n/a
A15: =IF('CASE DATA'!A16="","z",'CASE DATA'!A16) -> z | B15: =IF('CASE DATA'!A16="","",'CASE DATA'!E16) | C15: ='CASE DATA'!D16 -> 0 | D15: =IF('CASE DATA'!I16="YES",SUM('CASE DATA'!J16:P16),"n/a") -> n/a | E15: =IF(OR('CASE DATA'!G16="JUV", 'CASE DATA'!G16="JWV"), "YES", "NO") -> NO | F15: {=IF(E15="YES",IF(SUM(COUNTIF('CASE DATA'!$G$4:$G$200, {"GTR","GPL","DEF","JUV"}))>0, "YES","NO"),"N/A")} -> N/A | G15: =IF(E15="YES",IF(COUNTIF('CASE DATA'!$D$4:$D$200, "")-COUNTIF('CASE DATA'!$A$4:$A$200, "")>0, "YES","NO"),"N/A") -> N/A | H15: =_xlfn.IFS(E15="NO", "N/A", AND('BASIC INFO'!$B$3>'BASIC INFO'!$B$6+6574.5, C15+730.5<'BASIC INFO'!$B$3), "YES", 'BASIC INFO'!$B$3<('BASIC INFO'!$B$6+6574.5), "NOT YET 18", C15+730.5>'BASIC INFO'!$B$3, "NOT YET 2 YEARS") -> N/A | I15: =IF(OR(AND(LEFT('CASE DATA'!F16,4)="321.",MID('CASE DATA'!A16,8,2)="SM"),MID('CASE DATA'!A16,8,2)="ST",MID('CASE DATA'!A16,8,2)="NT"),"TRAFFIC",IF(OR('CASE DATA'!G16="DISM", 'CASE DATA'!G16="ACQ", 'CASE DATA'!G16="NOTF", 'CASE DATA'!G16="WTHD", 'CASE DATA'!G16="TNSF"), "YES", "NO")) -> NO | J15: =IF(I15="YES",'CASE DATA'!T16,"N/A") -> N/A | K15: =IF(I15="YES",IF(C15+180<'BASIC INFO'!$B$3, "YES", "NO"),"N/A") -> N/A | L15: {=IF(I15="TRAFFIC","n/a",IF(OR('CASE DATA'!G16="GTR", 'CASE DATA'!G16="GPL"),IF(SUM(COUNTIF('CASE DATA'!W16:AH16, 'CODE SECTIONS'!$V$2:$V$218&"*"))>0,"felony","eligible"),"n/a"))} -> n/a | M15: {=IF(L15="eligible",IF(OR((SUM(COUNTIF('CASE DATA'!W16:AH16,'CODE SECTIONS'!$X$2:$X$19&"*"))>0),LEFT('CASE DATA'!W16:AH16,4)="717C", LEFT('CASE DATA'!W16:AH16, 3)="719", LEFT('CASE DATA'!W16:AH16,3)="720", LEFT('CASE DATA'!W16:AH16,3)="724", LEFT('CASE DATA'!W16:AH16,3)="726", LEFT('CASE DATA'!W16:AH16,3)="728", LEFT('CASE DATA'!W16:AH16,4)="901A"), "ineligible misd","eligible"),"n/a")} -> n/a | N15: =IF(M15="eligible",IF(COUNTIF('CASE DATA'!$D$4:$D$200, "")-COUNTIF('CASE DATA'!$A$4:$A$200, "")>0, "YES","NO"),"N/A") -> N/A | O15: =IF(M15="eligible",BANKRUPTCY!C16+BANKRUPTCY!D16,"N/A") -> N/A | P15: =IF(M15="eligible",SOL!C16+SOL!D16+SOL!E16,"N/A") -> N/A | Q15: =IF(M15="eligible",SUM('CASE DATA'!J16:S16),"N/A") -> N/A | R15: =IF(M15="eligible",IF(C15+2920<'BASIC INFO'!$B$3, "YES", "NO"),"N/A") -> N/A | S15: =IF(OR('CASE DATA'!G16="DEF"), "YES", "NO") -> NO | T15: =IF(S15="YES",'CASE DATA'!I16,"N/A") -> N/A | U15: =IF(S15="YES",BANKRUPTCY!C16+BANKRUPTCY!D16,"N/A") -> N/A | V15: =IF(S15="YES",SUM('CASE DATA'!J16:S16),"N/A") -> N/A | W15: =IF(OR('CASE DATA'!F16="123.46",'CASE DATA'!F16="123.47"),"YES","NO") -> NO | X15: =IF(W15="YES",COUNTIFS(AD$3:$AD$200,">"&('CASE DATA'!D16),$AD$3:$AD$200,"<"&('CASE DATA'!D16+730.5)),"n/a") -> n/a | Y15: =IF(W15="YES",IF(C15+730.5<'BASIC INFO'!$B$3, "YES","NO"), "N/A") -> N/A | Z15: =IF('CASE DATA'!F16="725.1","YES","NO") -> NO | AA15: =IF(Z15="YES",IF(C15+730.5<'BASIC INFO'!$B$3, "YES","NO"), "N/A") -> N/A | AB15: =IF('BASIC INFO'!$B$6+6574.5>C15, "YES", "NO") -> YES | AC15: =IF(Z15="YES",COUNTIFS(AD$3:$AD$200,">"&('CASE DATA'!D16),$AD$3:$AD$200,"<"&('CASE DATA'!D16+730.5)),"n/a") -> n/a
... A200: =IF('CASE DATA'!A201="","z",'CASE DATA'!A201) -> z | B200: =IF('CASE DATA'!A201="","",'CASE DATA'!E201) | C200: ='CASE DATA'!D201 -> 0 | D200: =IF('CASE DATA'!I201="YES",SUM('CASE DATA'!J201:P201),"n/a") -> n/a | E200: =IF(OR('CASE DATA'!G201="JUV", 'CASE DATA'!G201="JWV"), "YES", "NO") -> NO | F200: {=IF(E200="YES",IF(SUM(COUNTIF('CASE DATA'!$G$4:$G$200, {"GTR","GPL","DEF","JUV"}))>0, "YES","NO"),"N/A")} -> N/A | G200: =IF(E200="YES",IF(COUNTIF('CASE DATA'!$D$4:$D$200, "")-COUNTIF('CASE DATA'!$A$4:$A$200, "")>0, "YES","NO"),"N/A") -> N/A | H200: =_xlfn.IFS(E200="NO", "N/A", AND('BASIC INFO'!$B$3>'BASIC INFO'!$B$6+6574.5, C200+730.5<'BASIC INFO'!$B$3), "YES", 'BASIC INFO'!$B$3<('BASIC INFO'!$B$6+6574.5), "NOT YET 18", C200+730.5>'BASIC INFO'!$B$3, "NOT YET 2 YEARS") -> N/A | I200: =IF(OR(AND(LEFT('CASE DATA'!F201,4)="321.",MID('CASE DATA'!A201,8,2)="SM"),MID('CASE DATA'!A201,8,2)="ST",MID('CASE DATA'!A201,8,2)="NT"),"TRAFFIC",IF(OR('CASE DATA'!G201="DISM", 'CASE DATA'!G201="ACQ", 'CASE DATA'!G201="NOTF", 'CASE DATA'!G201="WTHD", 'CASE DATA'!G201="TNSF"), "YES", "NO")) -> NO | J200: =IF(I200="YES",'CASE DATA'!T201,"N/A") -> N/A | K200: =IF(I200="YES",IF(C200+180<'BASIC INFO'!$B$3, "YES", "NO"),"N/A") -> N/A | L200: {=IF(I200="TRAFFIC","n/a",IF(OR('CASE DATA'!G201="GTR", 'CASE DATA'!G201="GPL"),IF(SUM(COUNTIF('CASE DATA'!W201:AH201, 'CODE SECTIONS'!$V$2:$V$218&"*"))>0,"felony","eligible"),"n/a"))} -> n/a | M200: {=IF(L200="eligible",IF(OR((SUM(COUNTIF('CASE DATA'!W201:AH201,'CODE SECTIONS'!$X$2:$X$19&"*"))>0),LEFT('CASE DATA'!W201:AH201,4)="717C", LEFT('CASE DATA'!W201:AH201, 3)="719", LEFT('CASE DATA'!W201:AH201,3)="720", LEFT('CASE DATA'!W201:AH201,3)="724", LEFT('CASE DATA'!W201:AH201,3)="726", LEFT('CASE DATA'!W201:AH201,3)="728", LEFT('CASE DATA'!W201:AH201,4)="901A"), "ineligible misd","eligible"),"n/a")} -> n/a | N200: =IF(M200="eligible",IF(COUNTIF('CASE DATA'!$D$4:$D$200, "")-COUNTIF('CASE DATA'!$A$4:$A$200, "")>0, "YES","NO"),"N/A") -> N/A | O200: =IF(M200="eligible",BANKRUPTCY!C201+BANKRUPTCY!D201,"N/A") -> N/A | P200: =IF(M200="eligible",SOL!C201+SOL!D201+SOL!E201,"N/A") -> N/A | Q200: =IF(M200="eligible",SUM('CASE DATA'!J201:S201),"N/A") -> N/A | R200: =IF(M200="eligible",IF(C200+2920<'BASIC INFO'!$B$3, "YES", "NO"),"N/A") -> N/A | S200: =IF(OR('CASE DATA'!G201="DEF"), "YES", "NO") -> NO | T200: =IF(S200="YES",'CASE DATA'!I201,"N/A") -> N/A | U200: =IF(S200="YES",BANKRUPTCY!C201+BANKRUPTCY!D201,"N/A") -> N/A | V200: =IF(S200="YES",SUM('CASE DATA'!J201:S201),"N/A") -> N/A | W200: =IF(OR('CASE DATA'!F201="123.46",'CASE DATA'!F201="123.47"),"YES","NO") -> NO | X200: =IF(W200="YES",COUNTIFS(AD$3:$AD$200,">"&('CASE DATA'!D201),$AD$3:$AD$200,"<"&('CASE DATA'!D201+730.5)),"n/a") -> n/a | Y200: =IF(W200="YES",IF(C200+730.5<'BASIC INFO'!$B$3, "YES","NO"), "N/A") -> N/A | Z200: =IF('CASE DATA'!F201="725.1","YES","NO") -> NO | AA200: =IF(Z200="YES",IF(C200+730.5<'BASIC INFO'!$B$3, "YES","NO"), "N/A") -> N/A | AB200: =IF('BASIC INFO'!$B$6+6574.5>C200, "YES", "NO") -> YES | AC200: =IF(Z200="YES",COUNTIFS(AD$3:$AD$200,">"&('CASE DATA'!D201),$AD$3:$AD$200,"<"&('CASE DATA'!D201+730.5)),"n/a") -> n/a

Sheet BANKRUPTCY
A1: TOTALS | C1: =SUM(C4:C100) -> 0 | D1: =SUM(D4:D100) -> 0 | E1: =SUM(E4:E100) -> 0 | F1: =SUM(F4:F100) -> 0 | G1: =SUM(C1:F1) -> 0
B2: DISCHARGABLE?
A3: CASE# | B3: DISPO | C3: YES | D3: POSSIBLY | E3: PROBABLY NOT | F3: NO
A4: =IF('CASE DATA'!A4="","",'CASE DATA'!A4) | B4: =IF('CASE DATA'!A4<>"",IF('CASE DATA'!G4=0, "open charge", 'CASE DATA'!G4),"") | C4: =IF(OR(B4="DISM", B4="JWV", B4="JUV", B4="CIV"), SUM('CASE DATA'!J4:S4), 'CASE DATA'!J4+'CASE DATA'!K4) -> 0 | D4: =IF(OR(B4="DISM",B4="JWV",B4="JUV",B4="CIV"),0,SUM('CASE DATA'!L4:P4)) -> 0 | E4: =IF(OR(B4="DISM", B4="JWV", B4="JUV", B4="CIV"), 0, 'CASE DATA'!Q4) -> 0 | F4: =IF(OR(B4="DISM", B4="JWV", B4="JUV", B4="CIV"), 0, 'CASE DATA'!R4+'CASE DATA'!S4) -> 0
A5: =IF('CASE DATA'!A5="","",'CASE DATA'!A5) | B5: =IF('CASE DATA'!A5<>"",IF('CASE DATA'!G5=0, "open charge", 'CASE DATA'!G5),"") | C5: =IF(OR(B5="DISM", B5="JWV", B5="JUV", B5="CIV"), SUM('CASE DATA'!J5:S5), 'CASE DATA'!J5+'CASE DATA'!K5) -> 0 | D5: =IF(OR(B5="DISM",B5="JWV",B5="JUV",B5="CIV"),0,SUM('CASE DATA'!L5:P5)) -> 0 | E5: =IF(OR(B5="DISM", B5="JWV", B5="JUV", B5="CIV"), 0, 'CASE DATA'!Q5) -> 0 | F5: =IF(OR(B5="DISM", B5="JWV", B5="JUV", B5="CIV"), 0, 'CASE DATA'!R5+'CASE DATA'!S5) -> 0
A6: =IF('CASE DATA'!A6="","",'CASE DATA'!A6) | B6: =IF('CASE DATA'!A6<>"",IF('CASE DATA'!G6=0, "open charge", 'CASE DATA'!G6),"") | C6: =IF(OR(B6="DISM", B6="JWV", B6="JUV", B6="CIV"), SUM('CASE DATA'!J6:S6), 'CASE DATA'!J6+'CASE DATA'!K6) -> 0 | D6: =IF(OR(B6="DISM",B6="JWV",B6="JUV",B6="CIV"),0,SUM('CASE DATA'!L6:P6)) -> 0 | E6: =IF(OR(B6="DISM", B6="JWV", B6="JUV", B6="CIV"), 0, 'CASE DATA'!Q6) -> 0 | F6: =IF(OR(B6="DISM", B6="JWV", B6="JUV", B6="CIV"), 0, 'CASE DATA'!R6+'CASE DATA'!S6) -> 0
A7: =IF('CASE DATA'!A7="","",'CASE DATA'!A7) | B7: =IF('CASE DATA'!A7<>"",IF('CASE DATA'!G7=0, "open charge", 'CASE DATA'!G7),"") | C7: =IF(OR(B7="DISM", B7="JWV", B7="JUV", B7="CIV"), SUM('CASE DATA'!J7:S7), 'CASE DATA'!J7+'CASE DATA'!K7) -> 0 | D7: =IF(OR(B7="DISM",B7="JWV",B7="JUV",B7="CIV"),0,SUM('CASE DATA'!L7:P7)) -> 0 | E7: =IF(OR(B7="DISM", B7="JWV", B7="JUV", B7="CIV"), 0, 'CASE DATA'!Q7) -> 0 | F7: =IF(OR(B7="DISM", B7="JWV", B7="JUV", B7="CIV"), 0, 'CASE DATA'!R7+'CASE DATA'!S7) -> 0
A8: =IF('CASE DATA'!A8="","",'CASE DATA'!A8) | B8: =IF('CASE DATA'!A8<>"",IF('CASE DATA'!G8=0, "open charge", 'CASE DATA'!G8),"") | C8: =IF(OR(B8="DISM", B8="JWV", B8="JUV", B8="CIV"), SUM('CASE DATA'!J8:S8), 'CASE DATA'!J8+'CASE DATA'!K8) -> 0 | D8: =IF(OR(B8="DISM",B8="JWV",B8="JUV",B8="CIV"),0,SUM('CASE DATA'!L8:P8)) -> 0 | E8: =IF(OR(B8="DISM", B8="JWV", B8="JUV", B8="CIV"), 0, 'CASE DATA'!Q8) -> 0 | F8: =IF(OR(B8="DISM", B8="JWV", B8="JUV", B8="CIV"), 0, 'CASE DATA'!R8+'CASE DATA'!S8) -> 0
A9: =IF('CASE DATA'!A9="","",'CASE DATA'!A9) | B9: =IF('CASE DATA'!A9<>"",IF('CASE DATA'!G9=0, "open charge", 'CASE DATA'!G9),"") | C9: =IF(OR(B9="DISM", B9="JWV", B9="JUV", B9="CIV"), SUM('CASE DATA'!J9:S9), 'CASE DATA'!J9+'CASE DATA'!K9) -> 0 | D9: =IF(OR(B9="DISM",B9="JWV",B9="JUV",B9="CIV"),0,SUM('CASE DATA'!L9:P9)) -> 0 | E9: =IF(OR(B9="DISM", B9="JWV", B9="JUV", B9="CIV"), 0, 'CASE DATA'!Q9) -> 0 | F9: =IF(OR(B9="DISM", B9="JWV", B9="JUV", B9="CIV"), 0, 'CASE DATA'!R9+'CASE DATA'!S9) -> 0
A10: =IF('CASE DATA'!A10="","",'CASE DATA'!A10) | B10: =IF('CASE DATA'!A10<>"",IF('CASE DATA'!G10=0, "open charge", 'CASE DATA'!G10),"") | C10: =IF(OR(B10="DISM", B10="JWV", B10="JUV", B10="CIV"), SUM('CASE DATA'!J10:S10), 'CASE DATA'!J10+'CASE DATA'!K10) -> 0 | D10: =IF(OR(B10="DISM",B10="JWV",B10="JUV",B10="CIV"),0,SUM('CASE DATA'!L10:P10)) -> 0 | E10: =IF(OR(B10="DISM", B10="JWV", B10="JUV", B10="CIV"), 0, 'CASE DATA'!Q10) -> 0 | F10: =IF(OR(B10="DISM", B10="JWV", B10="JUV", B10="CIV"), 0, 'CASE DATA'!R10+'CASE DATA'!S10) -> 0
A11: =IF('CASE DATA'!A11="","",'CASE DATA'!A11) | B11: =IF('CASE DATA'!A11<>"",IF('CASE DATA'!G11=0, "open charge", 'CASE DATA'!G11),"") | C11: =IF(OR(B11="DISM", B11="JWV", B11="JUV", B11="CIV"), SUM('CASE DATA'!J11:S11), 'CASE DATA'!J11+'CASE DATA'!K11) -> 0 | D11: =IF(OR(B11="DISM",B11="JWV",B11="JUV",B11="CIV"),0,SUM('CASE DATA'!L11:P11)) -> 0 | E11: =IF(OR(B11="DISM", B11="JWV", B11="JUV", B11="CIV"), 0, 'CASE DATA'!Q11) -> 0 | F11: =IF(OR(B11="DISM", B11="JWV", B11="JUV", B11="CIV"), 0, 'CASE DATA'!R11+'CASE DATA'!S11) -> 0
A12: =IF('CASE DATA'!A12="","",'CASE DATA'!A12) | B12: =IF('CASE DATA'!A12<>"",IF('CASE DATA'!G12=0, "open charge", 'CASE DATA'!G12),"") | C12: =IF(OR(B12="DISM", B12="JWV", B12="JUV", B12="CIV"), SUM('CASE DATA'!J12:S12), 'CASE DATA'!J12+'CASE DATA'!K12) -> 0 | D12: =IF(OR(B12="DISM",B12="JWV",B12="JUV",B12="CIV"),0,SUM('CASE DATA'!L12:P12)) -> 0 | E12: =IF(OR(B12="DISM", B12="JWV", B12="JUV", B12="CIV"), 0, 'CASE DATA'!Q12) -> 0 | F12: =IF(OR(B12="DISM", B12="JWV", B12="JUV", B12="CIV"), 0, 'CASE DATA'!R12+'CASE DATA'!S12) -> 0
A13: =IF('CASE DATA'!A13="","",'CASE DATA'!A13) | B13: =IF('CASE DATA'!A13<>"",IF('CASE DATA'!G13=0, "open charge", 'CASE DATA'!G13),"") | C13: =IF(OR(B13="DISM", B13="JWV", B13="JUV", B13="CIV"), SUM('CASE DATA'!J13:S13), 'CASE DATA'!J13+'CASE DATA'!K13) -> 0 | D13: =IF(OR(B13="DISM",B13="JWV",B13="JUV",B13="CIV"),0,SUM('CASE DATA'!L13:P13)) -> 0 | E13: =IF(OR(B13="DISM", B13="JWV", B13="JUV", B13="CIV"), 0, 'CASE DATA'!Q13) -> 0 | F13: =IF(OR(B13="DISM", B13="JWV", B13="JUV", B13="CIV"), 0, 'CASE DATA'!R13+'CASE DATA'!S13) -> 0
A14: =IF('CASE DATA'!A14="","",'CASE DATA'!A14) | B14: =IF('CASE DATA'!A14<>"",IF('CASE DATA'!G14=0, "open charge", 'CASE DATA'!G14),"") | C14: =IF(OR(B14="DISM", B14="JWV", B14="JUV", B14="CIV"), SUM('CASE DATA'!J14:S14), 'CASE DATA'!J14+'CASE DATA'!K14) -> 0 | D14: =IF(OR(B14="DISM",B14="JWV",B14="JUV",B14="CIV"),0,SUM('CASE DATA'!L14:P14)) -> 0 | E14: =IF(OR(B14="DISM", B14="JWV", B14="JUV", B14="CIV"), 0, 'CASE DATA'!Q14) -> 0 | F14: =IF(OR(B14="DISM", B14="JWV", B14="JUV", B14="CIV"), 0, 'CASE DATA'!R14+'CASE DATA'!S14) -> 0
A15: =IF('CASE DATA'!A15="","",'CASE DATA'!A15) | B15: =IF('CASE DATA'!A15<>"",IF('CASE DATA'!G15=0, "open charge", 'CASE DATA'!G15),"") | C15: =IF(OR(B15="DISM", B15="JWV", B15="JUV", B15="CIV"), SUM('CASE DATA'!J15:S15), 'CASE DATA'!J15+'CASE DATA'!K15) -> 0 | D15: =IF(OR(B15="DISM",B15="JWV",B15="JUV",B15="CIV"),0,SUM('CASE DATA'!L15:P15)) -> 0 | E15: =IF(OR(B15="DISM", B15="JWV", B15="JUV", B15="CIV"), 0, 'CASE DATA'!Q15) -> 0 | F15: =IF(OR(B15="DISM", B15="JWV", B15="JUV", B15="CIV"), 0, 'CASE DATA'!R15+'CASE DATA'!S15) -> 0
... A201: =IF('CASE DATA'!A201="","",'CASE DATA'!A201) | B201: =IF('CASE DATA'!A201<>"",IF('CASE DATA'!G201=0, "open charge", 'CASE DATA'!G201),"") | C201: =IF(OR(B201="DISM", B201="JWV", B201="JUV", B201="CIV"), SUM('CASE DATA'!J201:S201), 'CASE DATA'!J201+'CASE DATA'!K201) -> 0 | D201: =IF(OR(B201="DISM",B201="JWV",B201="JUV",B201="CIV"),0,SUM('CASE DATA'!L201:P201)) -> 0 | E201: =IF(OR(B201="DISM", B201="JWV", B201="JUV", B201="CIV"), 0, 'CASE DATA'!Q201) -> 0 | F201: =IF(OR(B201="DISM", B201="JWV", B201="JUV", B201="CIV"), 0, 'CASE DATA'!R201+'CASE DATA'!S201) -> 0

Sheet LICENSE-REGIS
A1: CASE# | B1: COUNTY | C1: License & registration, Registration only, neither, or no debt | D1: Amount owed
A2: =IF('CASE DATA'!A4="","",'CASE DATA'!A4) | B2: ='CASE DATA'!B4 -> 0 | C2: =IF(SUM('CASE DATA'!J4:S4)>0,IF(OR('CASE DATA'!G4="GTR",'CASE DATA'!G4="GPL",'CASE DATA'!G4="DEF"),IF('CASE DATA'!H4="YES","License & registration","Registration only"),"Z - Neither license nor registration"),"Z - no debt") -> Z - no debt | D2: 500
A3: =IF('CASE DATA'!A5="","",'CASE DATA'!A5) | B3: ='CASE DATA'!B5 -> 0 | C3: =IF(SUM('CASE DATA'!J5:S5)>0,IF(OR('CASE DATA'!G5="GTR",'CASE DATA'!G5="GPL",'CASE DATA'!G5="DEF"),IF('CASE DATA'!H5="YES","License & registration","Registration only"),"Z - Neither license nor registration"),"Z - no debt") -> Z - no debt | D3: =SUM('CASE DATA'!J5:S5) -> 0
A4: =IF('CASE DATA'!A6="","",'CASE DATA'!A6) | B4: ='CASE DATA'!B6 -> 0 | C4: =IF(SUM('CASE DATA'!J6:S6)>0,IF(OR('CASE DATA'!G6="GTR",'CASE DATA'!G6="GPL",'CASE DATA'!G6="DEF"),IF('CASE DATA'!H6="YES","License & registration","Registration only"),"Z - Neither license nor registration"),"Z - no debt") -> Z - no debt | D4: =SUM('CASE DATA'!J6:S6) -> 0
A5: =IF('CASE DATA'!A7="","",'CASE DATA'!A7) | B5: ='CASE DATA'!B7 -> 0 | C5: =IF(SUM('CASE DATA'!J7:S7)>0,IF(OR('CASE DATA'!G7="GTR",'CASE DATA'!G7="GPL",'CASE DATA'!G7="DEF"),IF('CASE DATA'!H7="YES","License & registration","Registration only"),"Z - Neither license nor registration"),"Z - no debt") -> Z - no debt | D5: =SUM('CASE DATA'!J7:S7) -> 0
A6: =IF('CASE DATA'!A8="","",'CASE DATA'!A8) | B6: ='CASE DATA'!B8 -> 0 | C6: =IF(SUM('CASE DATA'!J8:S8)>0,IF(OR('CASE DATA'!G8="GTR",'CASE DATA'!G8="GPL",'CASE DATA'!G8="DEF"),IF('CASE DATA'!H8="YES","License & registration","Registration only"),"Z - Neither license nor registration"),"Z - no debt") -> Z - no debt | D6: =SUM('CASE DATA'!J8:S8) -> 0
A7: =IF('CASE DATA'!A9="","",'CASE DATA'!A9) | B7: ='CASE DATA'!B9 -> 0 | C7: =IF(SUM('CASE DATA'!J9:S9)>0,IF(OR('CASE DATA'!G9="GTR",'CASE DATA'!G9="GPL",'CASE DATA'!G9="DEF"),IF('CASE DATA'!H9="YES","License & registration","Registration only"),"Z - Neither license nor registration"),"Z - no debt") -> Z - no debt | D7: =SUM('CASE DATA'!J9:S9) -> 0
A8: =IF('CASE DATA'!A10="","",'CASE DATA'!A10) | B8: ='CASE DATA'!B10 -> 0 | C8: =IF(SUM('CASE DATA'!J10:S10)>0,IF(OR('CASE DATA'!G10="GTR",'CASE DATA'!G10="GPL",'CASE DATA'!G10="DEF"),IF('CASE DATA'!H10="YES","License & registration","Registration only"),"Z - Neither license nor registration"),"Z - no debt") -> Z - no debt | D8: =SUM('CASE DATA'!J10:S10) -> 0
A9: =IF('CASE DATA'!A11="","",'CASE DATA'!A11) | B9: ='CASE DATA'!B11 -> 0 | C9: =IF(SUM('CASE DATA'!J11:S11)>0,IF(OR('CASE DATA'!G11="GTR",'CASE DATA'!G11="GPL",'CASE DATA'!G11="DEF"),IF('CASE DATA'!H11="YES","License & registration","Registration only"),"Z - Neither license nor registration"),"Z - no debt") -> Z - no debt | D9: =SUM('CASE DATA'!J11:S11) -> 0
A10: =IF('CASE DATA'!A12="","",'CASE DATA'!A12) | B10: ='CASE DATA'!B12 -> 0 | C10: =IF(SUM('CASE DATA'!J12:S12)>0,IF(OR('CASE DATA'!G12="GTR",'CASE DATA'!G12="GPL",'CASE DATA'!G12="DEF"),IF('CASE DATA'!H12="YES","License & registration","Registration only"),"Z - Neither license nor registration"),"Z - no debt") -> Z - no debt | D10: =SUM('CASE DATA'!J12:S12) -> 0
A11: =IF('CASE DATA'!A13="","",'CASE DATA'!A13) | B11: ='CASE DATA'!B13 -> 0 | C11: =IF(SUM('CASE DATA'!J13:S13)>0,IF(OR('CASE DATA'!G13="GTR",'CASE DATA'!G13="GPL",'CASE DATA'!G13="DEF"),IF('CASE DATA'!H13="YES","License & registration","Registration only"),"Z - Neither license nor registration"),"Z - no debt") -> Z - no debt | D11: =SUM('CASE DATA'!J13:S13) -> 0
A12: =IF('CASE DATA'!A14="","",'CASE DATA'!A14) | B12: ='CASE DATA'!B14 -> 0 | C12: =IF(SUM('CASE DATA'!J14:S14)>0,IF(OR('CASE DATA'!G14="GTR",'CASE DATA'!G14="GPL",'CASE DATA'!G14="DEF"),IF('CASE DATA'!H14="YES","License & registration","Registration only"),"Z - Neither license nor registration"),"Z - no debt") -> Z - no debt | D12: =SUM('CASE DATA'!J14:S14) -> 0
A13: =IF('CASE DATA'!A15="","",'CASE DATA'!A15) | B13: ='CASE DATA'!B15 -> 0 | C13: =IF(SUM('CASE DATA'!J15:S15)>0,IF(OR('CASE DATA'!G15="GTR",'CASE DATA'!G15="GPL",'CASE DATA'!G15="DEF"),IF('CASE DATA'!H15="YES","License & registration","Registration only"),"Z - Neither license nor registration"),"Z - no debt") -> Z - no debt | D13: =SUM('CASE DATA'!J15:S15) -> 0
A14: =IF('CASE DATA'!A16="","",'CASE DATA'!A16) | B14: ='CASE DATA'!B16 -> 0 | C14: =IF(SUM('CASE DATA'!J16:S16)>0,IF(OR('CASE DATA'!G16="GTR",'CASE DATA'!G16="GPL",'CASE DATA'!G16="DEF"),IF('CASE DATA'!H16="YES","License & registration","Registration only"),"Z - Neither license nor registration"),"Z - no debt") -> Z - no debt | D14: =SUM('CASE DATA'!J16:S16) -> 0
... A300: =IF('CASE DATA'!A302="","",'CASE DATA'!A302) | B300: ='CASE DATA'!B302 -> 0 | C300: =IF(SUM('CASE DATA'!J302:S302)>0,IF(OR('CASE DATA'!G302="GTR",'CASE DATA'!G302="GPL",'CASE DATA'!G302="DEF"),IF('CASE DATA'!H302="YES","License & registration","Registration only"),"Z - Neither license nor registration"),"Z - no debt") -> Z - no debt | D300: =SUM('CASE DATA'!J302:S302) -> 0

Sheet EXEMPTIONS
A1: TOTALS | C1: =SUM(C4:C100) -> 0 | D1: =SUM(D4:D100) -> 0 | E1: =SUM(C1:D1) -> 0
A2: CASE# | B2: WHICH EXEMPTIONS APPLY?
B3: DISPO | C3: ALL | D3: FEDERAL ONLY
A4: =IF('CASE DATA'!A4="","",'CASE DATA'!A4) | B4: =IF('CASE DATA'!A4<>"",IF('CASE DATA'!G4=0, "open charge", 'CASE DATA'!G4),"") | C4: =IF(OR(B4="DISM",B4="JWV",B4="JUV",B4="CIV"),SUM('CASE DATA'!J4:S4),SUM('CASE DATA'!J4:P4)+'CASE DATA'!S4) -> 0 | D4: =IF(OR(B4="DISM", B4="JWV", B4="JUV", B4="CIV"), 0, 'CASE DATA'!Q4+'CASE DATA'!R4) -> 0
A5: =IF('CASE DATA'!A5="","",'CASE DATA'!A5) | B5: =IF('CASE DATA'!A5<>"",IF('CASE DATA'!G5=0, "open charge", 'CASE DATA'!G5),"") | C5: =IF(OR(B5="DISM",B5="JWV",B5="JUV",B5="CIV"),SUM('CASE DATA'!J5:S5),SUM('CASE DATA'!J5:P5)+'CASE DATA'!S5) -> 0 | D5: =IF(OR(B5="DISM", B5="JWV", B5="JUV", B5="CIV"), 0, 'CASE DATA'!Q5+'CASE DATA'!R5) -> 0
A6: =IF('CASE DATA'!A6="","",'CASE DATA'!A6) | B6: =IF('CASE DATA'!A6<>"",IF('CASE DATA'!G6=0, "open charge", 'CASE DATA'!G6),"") | C6: =IF(OR(B6="DISM",B6="JWV",B6="JUV",B6="CIV"),SUM('CASE DATA'!J6:S6),SUM('CASE DATA'!J6:P6)+'CASE DATA'!S6) -> 0 | D6: =IF(OR(B6="DISM", B6="JWV", B6="JUV", B6="CIV"), 0, 'CASE DATA'!Q6+'CASE DATA'!R6) -> 0
A7: =IF('CASE DATA'!A7="","",'CASE DATA'!A7) | B7: =IF('CASE DATA'!A7<>"",IF('CASE DATA'!G7=0, "open charge", 'CASE DATA'!G7),"") | C7: =IF(OR(B7="DISM",B7="JWV",B7="JUV",B7="CIV"),SUM('CASE DATA'!J7:S7),SUM('CASE DATA'!J7:P7)+'CASE DATA'!S7) -> 0 | D7: =IF(OR(B7="DISM", B7="JWV", B7="JUV", B7="CIV"), 0, 'CASE DATA'!Q7+'CASE DATA'!R7) -> 0
A8: =IF('CASE DATA'!A8="","",'CASE DATA'!A8) | B8: =IF('CASE DATA'!A8<>"",IF('CASE DATA'!G8=0, "open charge", 'CASE DATA'!G8),"") | C8: =IF(OR(B8="DISM",B8="JWV",B8="JUV",B8="CIV"),SUM('CASE DATA'!J8:S8),SUM('CASE DATA'!J8:P8)+'CASE DATA'!S8) -> 0 | D8: =IF(OR(B8="DISM", B8="JWV", B8="JUV", B8="CIV"), 0, 'CASE DATA'!Q8+'CASE DATA'!R8) -> 0
A9: =IF('CASE DATA'!A9="","",'CASE DATA'!A9) | B9: =IF('CASE DATA'!A9<>"",IF('CASE DATA'!G9=0, "open charge", 'CASE DATA'!G9),"") | C9: =IF(OR(B9="DISM",B9="JWV",B9="JUV",B9="CIV"),SUM('CASE DATA'!J9:S9),SUM('CASE DATA'!J9:P9)+'CASE DATA'!S9) -> 0 | D9: =IF(OR(B9="DISM", B9="JWV", B9="JUV", B9="CIV"), 0, 'CASE DATA'!Q9+'CASE DATA'!R9) -> 0
A10: =IF('CASE DATA'!A10="","",'CASE DATA'!A10) | B10: =IF('CASE DATA'!A10<>"",IF('CASE DATA'!G10=0, "open charge", 'CASE DATA'!G10),"") | C10: =IF(OR(B10="DISM",B10="JWV",B10="JUV",B10="CIV"),SUM('CASE DATA'!J10:S10),SUM('CASE DATA'!J10:P10)+'CASE DATA'!S10) -> 0 | D10: =IF(OR(B10="DISM", B10="JWV", B10="JUV", B10="CIV"), 0, 'CASE DATA'!Q10+'CASE DATA'!R10) -> 0
A11: =IF('CASE DATA'!A11="","",'CASE DATA'!A11) | B11: =IF('CASE DATA'!A11<>"",IF('CASE DATA'!G11=0, "open charge", 'CASE DATA'!G11),"") | C11: =IF(OR(B11="DISM",B11="JWV",B11="JUV",B11="CIV"),SUM('CASE DATA'!J11:S11),SUM('CASE DATA'!J11:P11)+'CASE DATA'!S11) -> 0 | D11: =IF(OR(B11="DISM", B11="JWV", B11="JUV", B11="CIV"), 0, 'CASE DATA'!Q11+'CASE DATA'!R11) -> 0
A12: =IF('CASE DATA'!A12="","",'CASE DATA'!A12) | B12: =IF('CASE DATA'!A12<>"",IF('CASE DATA'!G12=0, "open charge", 'CASE DATA'!G12),"") | C12: =IF(OR(B12="DISM",B12="JWV",B12="JUV",B12="CIV"),SUM('CASE DATA'!J12:S12),SUM('CASE DATA'!J12:P12)+'CASE DATA'!S12) -> 0 | D12: =IF(OR(B12="DISM", B12="JWV", B12="JUV", B12="CIV"), 0, 'CASE DATA'!Q12+'CASE DATA'!R12) -> 0
A13: =IF('CASE DATA'!A13="","",'CASE DATA'!A13) | B13: =IF('CASE DATA'!A13<>"",IF('CASE DATA'!G13=0, "open charge", 'CASE DATA'!G13),"") | C13: =IF(OR(B13="DISM",B13="JWV",B13="JUV",B13="CIV"),SUM('CASE DATA'!J13:S13),SUM('CASE DATA'!J13:P13)+'CASE DATA'!S13) -> 0 | D13: =IF(OR(B13="DISM", B13="JWV", B13="JUV", B13="CIV"), 0, 'CASE DATA'!Q13+'CASE DATA'!R13) -> 0
A14: =IF('CASE DATA'!A14="","",'CASE DATA'!A14) | B14: =IF('CASE DATA'!A14<>"",IF('CASE DATA'!G14=0, "open charge", 'CASE DATA'!G14),"") | C14: =IF(OR(B14="DISM",B14="JWV",B14="JUV",B14="CIV"),SUM('CASE DATA'!J14:S14),SUM('CASE DATA'!J14:P14)+'CASE DATA'!S14) -> 0 | D14: =IF(OR(B14="DISM", B14="JWV", B14="JUV", B14="CIV"), 0, 'CASE DATA'!Q14+'CASE DATA'!R14) -> 0
A15: =IF('CASE DATA'!A15="","",'CASE DATA'!A15) | B15: =IF('CASE DATA'!A15<>"",IF('CASE DATA'!G15=0, "open charge", 'CASE DATA'!G15),"") | C15: =IF(OR(B15="DISM",B15="JWV",B15="JUV",B15="CIV"),SUM('CASE DATA'!J15:S15),SUM('CASE DATA'!J15:P15)+'CASE DATA'!S15) -> 0 | D15: =IF(OR(B15="DISM", B15="JWV", B15="JUV", B15="CIV"), 0, 'CASE DATA'!Q15+'CASE DATA'!R15) -> 0
... A200: =IF('CASE DATA'!A200="","",'CASE DATA'!A200) | B200: =IF('CASE DATA'!A200<>"",IF('CASE DATA'!G200=0, "open charge", 'CASE DATA'!G200),"") | C200: =IF(OR(B200="DISM",B200="JWV",B200="JUV",B200="CIV"),SUM('CASE DATA'!J200:S200),SUM('CASE DATA'!J200:P200)+'CASE DATA'!S200) -> 0 | D200: =IF(OR(B200="DISM", B200="JWV", B200="JUV", B200="CIV"), 0, 'CASE DATA'!Q200+'CASE DATA'!R200) -> 0

Sheet SOL
A1: TOTALS | C1: =SUM(C4:C100) -> 0 | D1: =SUM(D4:D100) -> 0 | E1: =SUM(E4:E100) -> 0 | F1: =SUM(F4:F100) -> 0 | G1: =SUM(C1:F1) -> 0
A2: CASE# | B2: TIME BARRED?
B3: DISPO | C3: STRANGE-BARRED | D3: PRIOR TO 1989 | E3: 20 YEARS AGO | F3: NO ARGUMENT
A4: =IF('CASE DATA'!A4="","",'CASE DATA'!A4) | B4: =IF('CASE DATA'!A4<>"",IF('CASE DATA'!G4=0, "open charge", 'CASE DATA'!G4),"") | C4: =IFERROR(IF('CASE DATA'!D4+7300<'BASIC INFO'!$B$3,'CASE DATA'!J4+'CASE DATA'!K4,0),0) -> 0 | D4: =IFERROR(IF('CASE DATA'!D4+7300<DATE(2010,1,1),SUM('CASE DATA'!K4:S4),0),0) -> 0 | E4: =IF(D4=0,IF('CASE DATA'!D4+7300<'BASIC INFO'!$B$3,SUM('CASE DATA'!K4:S4),0),0) -> 0 | F4: =IFERROR(IF('CASE DATA'!D4+7300>'BASIC INFO'!$B$3,SUM('CASE DATA'!J4:S4),0),0) -> 0
A5: =IF('CASE DATA'!A5="","",'CASE DATA'!A5) | B5: =IF('CASE DATA'!A5<>"",IF('CASE DATA'!G5=0, "open charge", 'CASE DATA'!G5),"") | C5: =IFERROR(IF('CASE DATA'!D5+7300<'BASIC INFO'!$B$3,'CASE DATA'!J5+'CASE DATA'!K5,0),0) -> 0 | D5: =IFERROR(IF('CASE DATA'!D5+7300<DATE(2010,1,1),SUM('CASE DATA'!K5:S5),0),0) -> 0 | E5: =IF(D5=0,IF('CASE DATA'!D5+7300<'BASIC INFO'!$B$3,SUM('CASE DATA'!K5:S5),0),0) -> 0 | F5: =IFERROR(IF('CASE DATA'!D5+7300>'BASIC INFO'!$B$3,SUM('CASE DATA'!J5:S5),0),0) -> 0
A6: =IF('CASE DATA'!A6="","",'CASE DATA'!A6) | B6: =IF('CASE DATA'!A6<>"",IF('CASE DATA'!G6=0, "open charge", 'CASE DATA'!G6),"") | C6: =IFERROR(IF('CASE DATA'!D6+7300<'BASIC INFO'!$B$3,'CASE DATA'!J6+'CASE DATA'!K6,0),0) -> 0 | D6: =IFERROR(IF('CASE DATA'!D6+7300<DATE(2010,1,1),SUM('CASE DATA'!K6:S6),0),0) -> 0 | E6: =IF(D6=0,IF('CASE DATA'!D6+7300<'BASIC INFO'!$B$3,SUM('CASE DATA'!K6:S6),0),0) -> 0 | F6: =IFERROR(IF('CASE DATA'!D6+7300>'BASIC INFO'!$B$3,SUM('CASE DATA'!J6:S6),0),0) -> 0
A7: =IF('CASE DATA'!A7="","",'CASE DATA'!A7) | B7: =IF('CASE DATA'!A7<>"",IF('CASE DATA'!G7=0, "open charge", 'CASE DATA'!G7),"") | C7: =IFERROR(IF('CASE DATA'!D7+7300<'BASIC INFO'!$B$3,'CASE DATA'!J7+'CASE DATA'!K7,0),0) -> 0 | D7: =IFERROR(IF('CASE DATA'!D7+7300<DATE(2010,1,1),SUM('CASE DATA'!K7:S7),0),0) -> 0 | E7: =IF(D7=0,IF('CASE DATA'!D7+7300<'BASIC INFO'!$B$3,SUM('CASE DATA'!K7:S7),0),0) -> 0 | F7: =IFERROR(IF('CASE DATA'!D7+7300>'BASIC INFO'!$B$3,SUM('CASE DATA'!J7:S7),0),0) -> 0
A8: =IF('CASE DATA'!A8="","",'CASE DATA'!A8) | B8: =IF('CASE DATA'!A8<>"",IF('CASE DATA'!G8=0, "open charge", 'CASE DATA'!G8),"") | C8: =IFERROR(IF('CASE DATA'!D8+7300<'BASIC INFO'!$B$3,'CASE DATA'!J8+'CASE DATA'!K8,0),0) -> 0 | D8: =IFERROR(IF('CASE DATA'!D8+7300<DATE(2010,1,1),SUM('CASE DATA'!K8:S8),0),0) -> 0 | E8: =IF(D8=0,IF('CASE DATA'!D8+7300<'BASIC INFO'!$B$3,SUM('CASE DATA'!K8:S8),0),0) -> 0 | F8: =IFERROR(IF('CASE DATA'!D8+7300>'BASIC INFO'!$B$3,SUM('CASE DATA'!J8:S8),0),0) -> 0
A9: =IF('CASE DATA'!A9="","",'CASE DATA'!A9) | B9: =IF('CASE DATA'!A9<>"",IF('CASE DATA'!G9=0, "open charge", 'CASE DATA'!G9),"") | C9: =IFERROR(IF('CASE DATA'!D9+7300<'BASIC INFO'!$B$3,'CASE DATA'!J9+'CASE DATA'!K9,0),0) -> 0 | D9: =IFERROR(IF('CASE DATA'!D9+7300<DATE(2010,1,1),SUM('CASE DATA'!K9:S9),0),0) -> 0 | E9: =IF(D9=0,IF('CASE DATA'!D9+7300<'BASIC INFO'!$B$3,SUM('CASE DATA'!K9:S9),0),0) -> 0 | F9: =IFERROR(IF('CASE DATA'!D9+7300>'BASIC INFO'!$B$3,SUM('CASE DATA'!J9:S9),0),0) -> 0
A10: =IF('CASE DATA'!A10="","",'CASE DATA'!A10) | B10: =IF('CASE DATA'!A10<>"",IF('CASE DATA'!G10=0, "open charge", 'CASE DATA'!G10),"") | C10: =IFERROR(IF('CASE DATA'!D10+7300<'BASIC INFO'!$B$3,'CASE DATA'!J10+'CASE DATA'!K10,0),0) -> 0 | D10: =IFERROR(IF('CASE DATA'!D10+7300<DATE(2010,1,1),SUM('CASE DATA'!K10:S10),0),0) -> 0 | E10: =IF(D10=0,IF('CASE DATA'!D10+7300<'BASIC INFO'!$B$3,SUM('CASE DATA'!K10:S10),0),0) -> 0 | F10: =IFERROR(IF('CASE DATA'!D10+7300>'BASIC INFO'!$B$3,SUM('CASE DATA'!J10:S10),0),0) -> 0
A11: =IF('CASE DATA'!A11="","",'CASE DATA'!A11) | B11: =IF('CASE DATA'!A11<>"",IF('CASE DATA'!G11=0, "open charge", 'CASE DATA'!G11),"") | C11: =IFERROR(IF('CASE DATA'!D11+7300<'BASIC INFO'!$B$3,'CASE DATA'!J11+'CASE DATA'!K11,0),0) -> 0 | D11: =IFERROR(IF('CASE DATA'!D11+7300<DATE(2010,1,1),SUM('CASE DATA'!K11:S11),0),0) -> 0 | E11: =IF(D11=0,IF('CASE DATA'!D11+7300<'BASIC INFO'!$B$3,SUM('CASE DATA'!K11:S11),0),0) -> 0 | F11: =IFERROR(IF('CASE DATA'!D11+7300>'BASIC INFO'!$B$3,SUM('CASE DATA'!J11:S11),0),0) -> 0
A12: =IF('CASE DATA'!A12="","",'CASE DATA'!A12) | B12: =IF('CASE DATA'!A12<>"",IF('CASE DATA'!G12=0, "open charge", 'CASE DATA'!G12),"") | C12: =IFERROR(IF('CASE DATA'!D12+7300<'BASIC INFO'!$B$3,'CASE DATA'!J12+'CASE DATA'!K12,0),0) -> 0 | D12: =IFERROR(IF('CASE DATA'!D12+7300<DATE(2010,1,1),SUM('CASE DATA'!K12:S12),0),0) -> 0 | E12: =IF(D12=0,IF('CASE DATA'!D12+7300<'BASIC INFO'!$B$3,SUM('CASE DATA'!K12:S12),0),0) -> 0 | F12: =IFERROR(IF('CASE DATA'!D12+7300>'BASIC INFO'!$B$3,SUM('CASE DATA'!J12:S12),0),0) -> 0
A13: =IF('CASE DATA'!A13="","",'CASE DATA'!A13) | B13: =IF('CASE DATA'!A13<>"",IF('CASE DATA'!G13=0, "open charge", 'CASE DATA'!G13),"") | C13: =IFERROR(IF('CASE DATA'!D13+7300<'BASIC INFO'!$B$3,'CASE DATA'!J13+'CASE DATA'!K13,0),0) -> 0 | D13: =IFERROR(IF('CASE DATA'!D13+7300<DATE(2010,1,1),SUM('CASE DATA'!K13:S13),0),0) -> 0 | E13: =IF(D13=0,IF('CASE DATA'!D13+7300<'BASIC INFO'!$B$3,SUM('CASE DATA'!K13:S13),0),0) -> 0 | F13: =IFERROR(IF('CASE DATA'!D13+7300>'BASIC INFO'!$B$3,SUM('CASE DATA'!J13:S13),0),0) -> 0
A14: =IF('CASE DATA'!A14="","",'CASE DATA'!A14) | B14: =IF('CASE DATA'!A14<>"",IF('CASE DATA'!G14=0, "open charge", 'CASE DATA'!G14),"") | C14: =IFERROR(IF('CASE DATA'!D14+7300<'BASIC INFO'!$B$3,'CASE DATA'!J14+'CASE DATA'!K14,0),0) -> 0 | D14: =IFERROR(IF('CASE DATA'!D14+7300<DATE(2010,1,1),SUM('CASE DATA'!K14:S14),0),0) -> 0 | E14: =IF(D14=0,IF('CASE DATA'!D14+7300<'BASIC INFO'!$B$3,SUM('CASE DATA'!K14:S14),0),0) -> 0 | F14: =IFERROR(IF('CASE DATA'!D14+7300>'BASIC INFO'!$B$3,SUM('CASE DATA'!J14:S14),0),0) -> 0 | G14: ='CASE DATA'!D14+7300 -> 7300 | H14: ='BASIC INFO'!$B$3 -> 0 | I14: =G14>H14 -> TRUE
A15: =IF('CASE DATA'!A15="","",'CASE DATA'!A15) | B15: =IF('CASE DATA'!A15<>"",IF('CASE DATA'!G15=0, "open charge", 'CASE DATA'!G15),"") | C15: =IFERROR(IF('CASE DATA'!D15+7300<'BASIC INFO'!$B$3,'CASE DATA'!J15+'CASE DATA'!K15,0),0) -> 0 | D15: =IFERROR(IF('CASE DATA'!D15+7300<DATE(2010,1,1),SUM('CASE DATA'!K15:S15),0),0) -> 0 | E15: =IF(D15=0,IF('CASE DATA'!D15+7300<'BASIC INFO'!$B$3,SUM('CASE DATA'!K15:S15),0),0) -> 0 | F15: =IFERROR(IF('CASE DATA'!D15+7300>'BASIC INFO'!$B$3,SUM('CASE DATA'!J15:S15),0),0) -> 0
A16: =IF('CASE DATA'!A16="","",'CASE DATA'!A16) | B16: =IF('CASE DATA'!A16<>"",IF('CASE DATA'!G16=0, "open charge", 'CASE DATA'!G16),"") | C16: =IFERROR(IF('CASE DATA'!D16+7300<'BASIC INFO'!$B$3,'CASE DATA'!J16+'CASE DATA'!K16,0),0) -> 0 | D16: =IFERROR(IF('CASE DATA'!D16+7300<DATE(2010,1,1),SUM('CASE DATA'!K16:S16),0),0) -> 0 | E16: =IF(D16=0,IF('CASE DATA'!D16+7300<'BASIC INFO'!$B$3,SUM('CASE DATA'!K16:S16),0),0) -> 0 | F16: =IFERROR(IF('CASE DATA'!D16+7300>'BASIC INFO'!$B$3,SUM('CASE DATA'!J16:S16),0),0) -> 0
A17: =IF('CASE DATA'!A17="","",'CASE DATA'!A17) | B17: =IF('CASE DATA'!A17<>"",IF('CASE DATA'!G17=0, "open charge", 'CASE DATA'!G17),"") | C17: =IFERROR(IF('CASE DATA'!D17+7300<'BASIC INFO'!$B$3,'CASE DATA'!J17+'CASE DATA'!K17,0),0) -> 0 | D17: =IFERROR(IF('CASE DATA'!D17+7300<DATE(2010,1,1),SUM('CASE DATA'!K17:S17),0),0) -> 0 | E17: =IF(D17=0,IF('CASE DATA'!D17+7300<'BASIC INFO'!$B$3,SUM('CASE DATA'!K17:S17),0),0) -> 0 | F17: =IFERROR(IF('CASE DATA'!D17+7300>'BASIC INFO'!$B$3,SUM('CASE DATA'!J17:S17),0),0) -> 0
A18: =IF('CASE DATA'!A18="","",'CASE DATA'!A18) | B18: =IF('CASE DATA'!A18<>"",IF('CASE DATA'!G18=0, "open charge", 'CASE DATA'!G18),"") | C18: =IFERROR(IF('CASE DATA'!D18+7300<'BASIC INFO'!$B$3,'CASE DATA'!J18+'CASE DATA'!K18,0),0) -> 0 | D18: =IFERROR(IF('CASE DATA'!D18+7300<DATE(2010,1,1),SUM('CASE DATA'!K18:S18),0),0) -> 0 | E18: =IF(D18=0,IF('CASE DATA'!D18+7300<'BASIC INFO'!$B$3,SUM('CASE DATA'!K18:S18),0),0) -> 0 | F18: =IFERROR(IF('CASE DATA'!D18+7300>'BASIC INFO'!$B$3,SUM('CASE DATA'!J18:S18),0),0) -> 0
A19: =IF('CASE DATA'!A19="","",'CASE DATA'!A19) | B19: =IF('CASE DATA'!A19<>"",IF('CASE DATA'!G19=0, "open charge", 'CASE DATA'!G19),"") | C19: =IFERROR(IF('CASE DATA'!D19+7300<'BASIC INFO'!$B$3,'CASE DATA'!J19+'CASE DATA'!K19,0),0) -> 0 | D19: =IFERROR(IF('CASE DATA'!D19+7300<DATE(2010,1,1),SUM('CASE DATA'!K19:S19),0),0) -> 0 | E19: =IF(D19=0,IF('CASE DATA'!D19+7300<'BASIC INFO'!$B$3,SUM('CASE DATA'!K19:S19),0),0) -> 0 | F19: =IFERROR(IF('CASE DATA'!D19+7300>'BASIC INFO'!$B$3,SUM('CASE DATA'!J19:S19),0),0) -> 0
A20: =IF('CASE DATA'!A20="","",'CASE DATA'!A20) | B20: =IF('CASE DATA'!A20<>"",IF('CASE DATA'!G20=0, "open charge", 'CASE DATA'!G20),"") | C20: =IFERROR(IF('CASE DATA'!D20+7300<'BASIC INFO'!$B$3,'CASE DATA'!J20+'CASE DATA'!K20,0),0) -> 0 | D20: =IFERROR(IF('CASE DATA'!D20+7300<DATE(2010,1,1),SUM('CASE DATA'!K20:S20),0),0) -> 0 | E20: =IF(D20=0,IF('CASE DATA'!D20+7300<'BASIC INFO'!$B$3,SUM('CASE DATA'!K20:S20),0),0) -> 0 | F20: =IFERROR(IF('CASE DATA'!D20+7300>'BASIC INFO'!$B$3,SUM('CASE DATA'!J20:S20),0),0) -> 0
A21: =IF('CASE DATA'!A21="","",'CASE DATA'!A21) | B21: =IF('CASE DATA'!A21<>"",IF('CASE DATA'!G21=0, "open charge", 'CASE DATA'!G21),"") | C21: =IFERROR(IF('CASE DATA'!D21+7300<'BASIC INFO'!$B$3,'CASE DATA'!J21+'CASE DATA'!K21,0),0) -> 0 | D21: =IFERROR(IF('CASE DATA'!D21+7300<DATE(2010,1,1),SUM('CASE DATA'!K21:S21),0),0) -> 0 | E21: =IF(D21=0,IF('CASE DATA'!D21+7300<'BASIC INFO'!$B$3,SUM('CASE DATA'!K21:S21),0),0) -> 0 | F21: =IFERROR(IF('CASE DATA'!D21+7300>'BASIC INFO'!$B$3,SUM('CASE DATA'!J21:S21),0),0) -> 0
A22: =IF('CASE DATA'!A22="","",'CASE DATA'!A22) | B22: =IF('CASE DATA'!A22<>"",IF('CASE DATA'!G22=0, "open charge", 'CASE DATA'!G22),"") | C22: =IFERROR(IF('CASE DATA'!D22+7300<'BASIC INFO'!$B$3,'CASE DATA'!J22+'CASE DATA'!K22,0),0) -> 0 | D22: =IFERROR(IF('CASE DATA'!D22+7300<DATE(2010,1,1),SUM('CASE DATA'!K22:S22),0),0) -> 0 | E22: =IF(D22=0,IF('CASE DATA'!D22+7300<'BASIC INFO'!$B$3,SUM('CASE DATA'!K22:S22),0),0) -> 0 | F22: =IFERROR(IF('CASE DATA'!D22+7300>'BASIC INFO'!$B$3,SUM('CASE DATA'!J22:S22),0),0) -> 0
A23: =IF('CASE DATA'!A23="","",'CASE DATA'!A23) | B23: =IF('CASE DATA'!A23<>"",IF('CASE DATA'!G23=0, "open charge", 'CASE DATA'!G23),"") | C23: =IFERROR(IF('CASE DATA'!D23+7300<'BASIC INFO'!$B$3,'CASE DATA'!J23+'CASE DATA'!K23,0),0) -> 0 | D23: =IFERROR(IF('CASE DATA'!D23+7300<DATE(2010,1,1),SUM('CASE DATA'!K23:S23),0),0) -> 0 | E23: =IF(D23=0,IF('CASE DATA'!D23+7300<'BASIC INFO'!$B$3,SUM('CASE DATA'!K23:S23),0),0) -> 0 | F23: =IFERROR(IF('CASE DATA'!D23+7300>'BASIC INFO'!$B$3,SUM('CASE DATA'!J23:S23),0),0) -> 0
A24: =IF('CASE DATA'!A24="","",'CASE DATA'!A24) | B24: =IF('CASE DATA'!A24<>"",IF('CASE DATA'!G24=0, "open charge", 'CASE DATA'!G24),"") | C24: =IFERROR(IF('CASE DATA'!D24+7300<'BASIC INFO'!$B$3,'CASE DATA'!J24+'CASE DATA'!K24,0),0) -> 0 | D24: =IFERROR(IF('CASE DATA'!D24+7300<DATE(2010,1,1),SUM('CASE DATA'!K24:S24),0),0) -> 0 | E24: =IF(D24=0,IF('CASE DATA'!D24+7300<'BASIC INFO'!$B$3,SUM('CASE DATA'!K24:S24),0),0) -> 0 | F24: =IFERROR(IF('CASE DATA'!D24+7300>'BASIC INFO'!$B$3,SUM('CASE DATA'!J24:S24),0),0) -> 0
A25: =IF('CASE DATA'!A25="","",'CASE DATA'!A25) | B25: =IF('CASE DATA'!A25<>"",IF('CASE DATA'!G25=0, "open charge", 'CASE DATA'!G25),"") | C25: =IFERROR(IF('CASE DATA'!D25+7300<'BASIC INFO'!$B$3,'CASE DATA'!J25+'CASE DATA'!K25,0),0) -> 0 | D25: =IFERROR(IF('CASE DATA'!D25+7300<DATE(2010,1,1),SUM('CASE DATA'!K25:S25),0),0) -> 0 | E25: =IF(D25=0,IF('CASE DATA'!D25+7300<'BASIC INFO'!$B$3,SUM('CASE DATA'!K25:S25),0),0) -> 0 | F25: =IFERROR(IF('CASE DATA'!D25+7300>'BASIC INFO'!$B$3,SUM('CASE DATA'!J25:S25),0),0) -> 0
A26: =IF('CASE DATA'!A26="","",'CASE DATA'!A26) | B26: =IF('CASE DATA'!A26<>"",IF('CASE DATA'!G26=0, "open charge", 'CASE DATA'!G26),"") | C26: =IFERROR(IF('CASE DATA'!D26+7300<'BASIC INFO'!$B$3,'CASE DATA'!J26+'CASE DATA'!K26,0),0) -> 0 | D26: =IFERROR(IF('CASE DATA'!D26+7300<DATE(2010,1,1),SUM('CASE DATA'!K26:S26),0),0) -> 0 | E26: =IF(D26=0,IF('CASE DATA'!D26+7300<'BASIC INFO'!$B$3,SUM('CASE DATA'!K26:S26),0),0) -> 0 | F26: =IFERROR(IF('CASE DATA'!D26+7300>'BASIC INFO'!$B$3,SUM('CASE DATA'!J26:S26),0),0) -> 0
... A150: =IF('CASE DATA'!A150="","",'CASE DATA'!A150) | B150: =IF('CASE DATA'!A150<>"",IF('CASE DATA'!G150=0, "open charge", 'CASE DATA'!G150),"") | C150: =IFERROR(IF('CASE DATA'!D150+7300<'BASIC INFO'!$B$3,'CASE DATA'!J150+'CASE DATA'!K150,0),0) -> 0 | D150: =IFERROR(IF('CASE DATA'!D150+7300<DATE(2010,1,1),SUM('CASE DATA'!K150:S150),0),0) -> 0 | E150: =IF(D150=0,IF('CASE DATA'!D150+7300<'BASIC INFO'!$B$3,SUM('CASE DATA'!K150:S150),0),0) -> 0 | F150: =IFERROR(IF('CASE DATA'!D150+7300>'BASIC INFO'!$B$3,SUM('CASE DATA'!J150:S150),0),0) -> 0

Sheet CODE SECTIONS
V1: FELONY LIST | X1: MISDEMEANOR LIST
V2: 81.6(2) | X2: 123.46
V3: 99F.15(6)(b)(1) | X3: 123.47
V4: 124.401(1)(a) | X4: 235B.20
V5: 124.401(1)(b) | X5: 321.218
V6: 124.401(1)(c) | X6: 321A.32
V7: 124.401(1)(d) | X7: 321J.21
V8: 124.401(4) | X8: 321J.2
V9: 124.401(1)(b) | X9: 707.5
V10: 124.401(1)(c) | X10: 708.2(3)
V11: 124.401D(2)(b) | X11: 708.2A
V12: 124.401D(2)(c) | X12: 708.7
V13: 124.406(1)(a) | X13: 708.11
V14: 124.406(1)(b) | X14: 708.12
V15: 124.406(2)(a) | X15: 716.8(3)
V16: 124.406(2)(b) | X16: 716.8(4)
V17: 124.406(3) | X17: 721.2
V18: 124.406A | X18: 721.1
V19: 124.407(2)(a) | X19: 723.1
V20: 124B.9(1)
V21: 124B.9(2)
V22: 321J.2(2)(c)
V23: 453B.12(2)
V24: 453B.12(3)
V25: 453B.12(4)
V26: 462A.14(2)(c)
V27: 462A.14(2)(d)
V28: 462A.14(2)(e)
V29: 705.1(2)
V30: 706.3(1)
V31: 706.3(2)
... V38: 706B.2(1)(d)
V39: 707.2
V40: 707.3
V41: 707.3A
V42: 707.4
V43: 707.5(1)(a)
V44: 707.6A(1)
V45: 707.6A(2)
V46: 707.6A(3)
V47: 707.6A(4)
V48: 707.7(1)
V49: 707.7(3)
V50: 707.7(2)
V51: 707.8(1)
V52: 707.8(2)
V53: 707.8(3)
V54: 707.8(4)
... V56: 707.8(6)
V57: 707.9
V58: 707.11
V59: 707A.2
V60: 708.2(4)
V61: 708.2(5)
V62: 708.2A(4)
V63: 708.2A(5)
V64: 708.2C(2)
V65: 708.2C(4)
V66: 708.3(1)
V67: 708.3(2)
V68: 708.3A(1)
V69: 708.3A(2)
V70: 708.3B
... V72: 708.4(2)
V73: 708.6
V74: 708.5
V75: 708.8
V76: 708.11(3)(a)
V77: 708.11(3)(b)
V78: 708.12(3)(f)
V79: 708.13(3)
V80: 708.14
V81: 708A.2
V82: 708A.4(1)
V83: 708A.4(2)
V84: 708A.5
V85: 708A.6(1)
V86: 708.A.6(2)
V87: 709.2
V88: 709.3
V89: 709.4
V90: 709.8(1)(a)
V91: 709.8(1)(b)
V92: 709.8(1)(c)
V93: 709.8(1)(d)
V94: 709.8(1)(e)
V95: 709.11(1)
V96: 709.11(2)
V97: 709.15(2)(a)(1)
V98: 709.15(3)(a)(1)
V99: 709.18
V100: 709A.6(2)
V101: 709D.3(1)
V102: 709D.3(2)
V103: 709.D.3(3)
V104: 710.2
V105: 710.3
V106: 710.4
V107: 710.5
V108: 710.10(1)
...
